-- Adminer 4.2.1 MySQL dump

SET NAMES utf8;
SET time_zone = '+00:00';
SET foreign_key_checks = 0;
SET sql_mode = 'NO_AUTO_VALUE_ON_ZERO';

DROP TABLE IF EXISTS `posts`;
CREATE TABLE `posts` (
  `post_id` int(10) unsigned NOT NULL AUTO_INCREMENT,
  `user_id` int(10) unsigned NOT NULL,
  `title` varchar(50) COLLATE utf8_czech_ci NOT NULL,
  `abstract` text COLLATE utf8_czech_ci NOT NULL,
  `pdf` longblob NOT NULL,
  `approved` int(10) unsigned DEFAULT NULL,
  PRIMARY KEY (`post_id`),
  KEY `title` (`title`),
  KEY `user_id` (`user_id`),
  CONSTRAINT `posts_ibfk_1` FOREIGN KEY (`user_id`) REFERENCES `users` (`user_id`) ON DELETE CASCADE ON UPDATE CASCADE
) ENGINE=InnoDB DEFAULT CHARSET=utf8 COLLATE=utf8_czech_ci;

INSERT INTO `posts` (`post_id`, `user_id`, `title`, `abstract`, `pdf`, `approved`) VALUES
(6,	5,	'Pisálkův svkělý příspěvek',	'Koukejte to dobře hodnotit',	'%PDF-1.4\r%\r\n6 0 obj <</Linearized 1/L 17588/O 8/E 13469/N 1/T 17422/H [ 576 168]>>\rendobj\r                    \r\nxref\r\n6 14\r\n0000000016 00000 n\r\n0000000744 00000 n\r\n0000000820 00000 n\r\n0000000946 00000 n\r\n0000001096 00000 n\r\n0000001468 00000 n\r\n0000001502 00000 n\r\n0000001871 00000 n\r\n0000002029 00000 n\r\n0000004698 00000 n\r\n0000012924 00000 n\r\n0000013151 00000 n\r\n0000013393 00000 n\r\n0000000576 00000 n\r\ntrailer\r\n<</Size 20/Prev 17412/Root 7 0 R/Info 5 0 R/ID[<DBF719E505902BD10390CAE9A352937A><BD30033A8146DD4EB0CAA1B48F0EA4E7>]>>\r\nstartxref\r\n0\r\n%%EOF\r\n                \r\n19 0 obj<</Length 84/Filter/FlateDecode/I 101/L 85/S 39>>stream\r\nxb``f``a\0LT,A!ՆФ,\\\r`9FP#,\"p \0ߛ\n5\r\nendstream\rendobj\r7 0 obj<</Metadata 4 0 R/Pages 3 0 R/Type/Catalog/PageLabels 1 0 R>>\rendobj\r8 0 obj<</CropBox[0 0 612 792]/Parent 3 0 R/Contents 12 0 R/Rotate 0/MediaBox[0 0 612 792]/Resources 9 0 R/Type/Page>>\rendobj\r9 0 obj<</XObject<</Im1 15 0 R>>/ColorSpace<</Cs6 11 0 R>>/Font<</TT2 10 0 R/TT4 13 0 R>>/ProcSet[/PDF/Text/ImageC]/ExtGState<</GS1 18 0 R>>>>\rendobj\r10 0 obj<</Subtype/TrueType/FontDescriptor 16 0 R/LastChar 121/Widths[278 333 0 0 0 0 0 0 0 0 0 0 0 0 278 0 0 0 0 0 0 0 0 0 0 0 0 0 0 0 0 0 0 0 0 0 722 0 611 0 722 0 0 0 0 0 0 0 667 0 0 0 0 0 0 944 0 0 0 0 0 0 0 0 0 0 0 556 611 556 0 0 0 278 0 0 278 889 611 611 0 0 389 556 333 611 0 0 0 556]/BaseFont/Arial-BoldMT/FirstChar 32/Encoding/WinAnsiEncoding/Type/Font>>\rendobj\r11 0 obj[/ICCBased 14 0 R]\rendobj\r12 0 obj<</Length 300/Filter/FlateDecode>>stream\r\nHlOO0!uI0`pԕ	bB|{t8Uk{ְURuJ4weR,1phaHGvB#`l *Oi\Z8<Hƛ %:\0Ŝlxf3LjmV0{K4X̹,Ox\0=ZӌM*v&sOή/]#=<.na5}cі~EJ$p\'88MR_H}C\"V^80\"$堕\Zz{<YIEDu`\0lr\n\r\nendstream\rendobj\r13 0 obj<</Subtype/TrueType/FontDescriptor 17 0 R/LastChar 32/Widths[250]/BaseFont/TimesNewRomanPSMT/FirstChar 32/Encoding/WinAnsiEncoding/Type/Font>>\rendobj\r14 0 obj<</Length 2575/Filter/FlateDecode/N 3/Alternate/DeviceRGB>>stream\r\nHyTSwoɞc\r[5laQIBHADED2mtFOE.c}08׎8GNg9w߽\0\'0\0֠Jb	\0\n \02y.-;!KZ	^i\"L0-\r\0@8(r;q7Ly&Qq4j|9\nV)gB0iW8#8wթ8_٥ʨQQj@&A)/g>\'K\0t;\\\rӥ$պFZUn(4T%)뫔0C&Zi8bxEB;Pӓ̹Aom?W=\nx-\0[\00}y)7ta>jT7@tܛ`q2ʀ&6ZLĄ?_yxg)˔zçLU*uSkSeO4?׸c.\0\0\0R\r߁-25	S>ӣVd`rn~Y&+`;A4 A9\0=-tl`;~p	Gp|	[`L`< \"AYA+Cb(R,\0*T2B-\nꇆnQt}MA0alSx	k&^>0|>_\',\ZG!\"F$H:R!zFQd?r9\\A&GrQh\ZE]a4zBgE#H	*B=0HIpp0MxJ$D1D, VĭKĻYdE\"EI2EBGt4MzNr!YK ?%_&#(0J:EAiQ(()ӔWT6U@P+!~m\ZDeԴ!hӦh/\']B/ҏӿ?a0nhF!X8܌kc&5S6lIa2cKMA!E#ƒdV(kel\r}}Cq9\nN\')].uJr\nwG	xR^[oƜchg`>b$*~ :Eb~,m,-ݖ,Y¬*6X[ݱF=3뭷Y~dó	tizf6~`{v.Ng#{}}jc1X6fm;\'_9	r:8q:˜O:ϸ8uJqnv=MmR 4	\nn3ܣkGݯz=[==<=G</z^^j^	ޡZQB0FX\'+t<u-{__ߘ-G,}/\ZHh8mW2p[AiAN#8$X?AKHI{!7<qWy(!46-aaaW	@@`lYĎH,$((Yh7ъb<b*b<~L&Y&9%uMssNpJP%MIJlN<DHJIڐtCj\'KwKgC%Nd|ꙪO=%mLuvx:HoL!ȨC&13#s$/Y=Osbsrn\ZsO1v=ˏϟ\\h٢#¼oZ<]TUt}`IÒsKV-Y,+>TB(/S,]6*-W:#7*e^YDY}UjAyT`#D=\"b{ų+ʯ:!kJ4Gmt}uC%K7YVfFY.=b?SƕƩȺy\Z\rچk\Z5%4m7lqlioZlG+Zz͹mzy]?uuw|\"űNwW&e֥ﺱ*|j5kyݭǯg^ykEklD_p߶7Dmo꿻1ml{Mś\rnLl<9O\0[$h՛BdҞ@iءG&vVǥ8\ZnRĩ7u\\ЭD-\0u`ֲK³8%yhYѹJº;.!\nzpg_XQKFAǿ=ȼ:ɹ8ʷ6˶5̵5͵6ζ7ϸ9к<Ѿ?DINU\\dlvۀ܊ݖޢ)߯6DScs\r2F[p(@Xr4Pm8Ww)Km\0\n\r\nendstream\rendobj\r15 0 obj<</Subtype/Image/Length 8073/Filter/DCTDecode/BitsPerComponent 8/ColorSpace 11 0 R/Width 173/Height 121/Type/XObject>>stream\r\n\0JFIF\0\0`\0`\0\0\0C\0		\n\r\Z\Z $.\' \",#(7),01444\'9=82<.342\0C			\r\r2!!22222222222222222222222222222222222222222222222222\0\0y\0\"\0\0\0\0\0\0\0\0\0\0\0\0	\n\0\0\0\0}\0!1AQa\"q2#BR$3br	\n\Z%&\'()*456789:CDEFGHIJSTUVWXYZcdefghijstuvwxyz\0\0\0\0\0\0\0\0	\n\0\0\0w\0!1AQaq\"2B	#3Rbr\n$4%\Z&\'()*56789:CDEFGHIJSTUVWXYZcdefghijstuvwxyz\0\0\0?\0;[M-mu[iesL6@r,;Ή\rI$e\'\"ȓ(bW*](,2صݽ͹X.Kk+h2ʷ&|.fs诞<?[:U:6/g(H7;(	.SصFIY34HWw9%n1,\0ܹJIM5sxn⸷&Teu# 8 sRUQQ<7(^	RTY0UA%ko-ĩ!y$($\0sKmq:w2REQ#By2d*1\r&i7Wx⽥6K-TȨ$^F*jd@Wv\\~<Co)Fm<AY>Ԛĩc:y{  \\ܽGzmFhiv:ƖVP^.nKI!eqL4X\'w-Bu:}Ѝ;.l(u{\ns(ŏnu[wmѣGqĴ 	T%-Qkp*g뺟/-Wk-ϕn[npqc85LzwO,p< zWVsawmsC2n#r0!G# :y&?u㎼dW1^)L;JI.ߚ=?uIiDwP+\"L|\0q\'pʰׯ^ۦS/\n_FBꯌӏj榵3Öx!$	PȡԌA8Pú4:z\Z閯$C,;O\'kN9?|9xR]{LG!1!1*%\Z0\n\0~j<$`I@~X]`>E&Vbٞ+G/m<;xE+%$3D˸غif.NT~@Q-}KW>\"\"ICȨCJ4D\\Yu}o\\tڤ;I7k[q\"o8 v|s&NcUQ\'uyߏsxoIePi׳ڴxopdvU(!F23\'s/loeiO6kp#0S4P0@#|?i]KSkָG+H2J\'|px}>UOܤ2[h\0SR8(8M]ΒDw\0.5\"Y׈.nw4j\\e?goto?\ZxcZ𞻥ig՚K;K[IL{Mu;Ò076y7Ÿ&o|795p SY\'$+;>-kcƼUk8uhn#\nhQW-wNCe9\n{\"\0څbѠAk䑖$*\0$\0f]Tnݥ}Ookj}SRFbj>gZ@@\rP\0Aʐ\0_i,LpؤL/-\\p,5?k7:|<:׏VM+_/KvΰM+;p{uⓄokIks4\r3VῇHүn{Wy\Z=5(~PC7\\(݌t_E\\OkYX]HavBy8\0g pUL6\n8R5XHL$}WJ7RK;,OчG G\"CDӰ洛{B\Z-\Z=:ˬVn|l+vg#\'>\0	g?\0? Ҿid~_7g:gG3M3K=F\0pnI8s/o~wᖉ%ܙ\Z2{7<g.jʌiUy$bnмdYD|qw}3\ZMTmRI,F-Pwۊ/~]7Ķs㺶xg9 ㍽<`_ewVz1Ci.beM VVШd\\XUpzXSܯ/Khezϋ^HY\\0d3 =c-ھ{.%%mo1dA\0uab,\\\'O{~((kk\ZL<`tUb	a 3)9\0zP%OCE+k[6Vy8!1\rml#zT㻞ԠW~G-qԾ\rM7=ik%74\03h~\nxOñSZ,w/r-ՋLcncOZzX:Q\07_際q\'\'iv*a:8a+![%)9a9/մsK<]}Yj[xn6;X]9hwOKVSlS9\082\0!UI{\rpK\0\0g^WaxC%j8meKIL9ڢ@Ív\ZW=Ou;iO{)h&ˍ@͸0	9<\n^6vMĒ_t僳y\'9<X}[߇#~4{dEO3Ig8;(۩\0 BE3؜qԁ^Oԯ|$zG4vSyhtl̌(|y*;.<+;EĲNTw\\lMGrQOρt}&a \0ӬVW%^^\07i /..wͨy2[OrL\ZI˱Hc$;M\0:U?ԇpIo#D<wU=zy7	\0\"f4.\03SO<ovq\0[\0RX&\"6<heЅ:D\0pv34-Okn?mݻf\r8q\n\Z@ҴKe,.1 	_n/\r*\0E-NR_FЃO7袊8¼\rR?2Ķ̛܌$29G/}0ߤF<4һ\\ߌ|M\'`}_Pe@BihNܒJkPzv)DH#b>d:lr<}Ziz\\h%Dn7+$l2VTN/rne}\'GNi:wNW\ZRy&T\"3@h͵?ޝKº,76׻.pA0GӀ[82xW&QyvOo;I/B6x8sҭas%.[B5ñ8f$`N7{oe\'~Hrꕻ0;{gpp@$p3ˏ\\6AeT\'ݽq[1h9qjI1n-vM\0vh3]6wkewN%r<쐃m_98ݑOJb1RHFX!N.dau~UK?jSId.j@F \0 677o\'\"[aj<*/>/|UMu4!kLRd`ʃ\'ue\rk8:kږ\r:)&1[HWm;7(\nHaס\0X\\ǥ1ܺO<p<\"mt}0n_Cσ4\"WY%vԕsR@YA.xBy-#7<^N6ќV7ft\\6kS[$:}{{idߦ<@XlrUPIv>P\Z5n^[q\Z\0`8$g:.> kZ~c>{gH˼&ɇQo\\GOZXydTE9QT}k8{|\0Ha/.5!ۧ2IQGq^^!{]/7oY\\雮\"%(Q,\'+^_#l84,>m!F9\"MjMόPB6eĂwKy̪TԀYZ}OO̶fGZ6\'߿\\u\0/Fm4=WyW,4%=kso*\r6#08Gb\'+v/k\\E 0#{W`]¤KW6ٸ;1Im?w4QEwhV~YC/uMW=r8kB\0F5^\"5G/]! \ZF\020H(xʜ0$m|Sxz}zSL&i%T|JzT\0timVIwh\\>%JU#GBkɮgs{$#al@ g.3qj{Xx_Riۉ#Ydr~NYl<E\0[mzn8bAoFXC+*JA:mĳAIafF,X8vVSg$6L,nu[B_R?c\02Ypn⤐~ru=S$-bY}nF\0dֹsivsqu5 w	t7JZmۿb݌gMyǽ4UY䵙R-Vu\09o\"NK{~$h>厏ŽT<=2?\ZgYgZĳ[e$,C[\r@/;.I[i7lfDKX_è\0Cq~d|YJqbv%~PA=F:򸦎ÿ5ZCVz5ɹ\Z%.Qdgvefz;Ogj\"o)Q$eoZQQM~gVs\\X}hm/Xh\n8ӷx5D<q&tlK-Y\"fE5\rK\r	\0ʹUMMJ%)iSEiK8#ۂrq\0H>OEڵ\'@4>3(,t[pNnf\'Ǹ)/ޭkNu5De-k\r\Z9G+ACm\01%r&-u/J.ny*T,3)wcAJjǄIؔӵ[Ơc\'W8	rFK|GwF\Z+(42\"g@cb%2\n^]\ZןۚjjѕhX,Jf`95Z^yZ{wn.y\'b3>[9ygNW +Qi0GUZ\n@IV:(g @:#	\0zCkoI HB(\0\0qP^G3RqoIfU$1ۊUU.̺X~g\0#\0g>O,)QU(|;YNbzr)\n멙|$]g˽{?O5\r\0l3;1qj}\0EWiQ@Q@;cz<^ִ9Qk:bdQlbQ	\'ͮ5g\0?ެ\\&Y|GUiGs>$־6?5݅<jCc*l XqҼ=F7msw|ǆ ;^;y iq>MHӔ߆)i\Z¢ye\rċ!C: dSXBE.Jۺ܌\'o,j2}HMTR6/U])NWd\Z4_ox6n&+n|\rʤ2)utEsJ\r}x[N<!HbV\nU9*;r.\r*Oº,Z\n쮻%>\0Y7-J\0ZÖ7Vomf]hY$ˁs+t;.uu9$\nJ|+ԽӮRgxݵc0Wt\'5=@ɨi3m%YJ!0)@p*?ϫ>)4!#hL\0@ \0V~%_ђ}WWg⍰uvsވt[,PFbx]>aR:mxZg4ItV$#㣣vaA i	<<c\\Y0Y\'$\nZܓ*ď\'łI;YwfUX@Xo%\rrU֥_k!su),eo4j%0a[<澇2Rn\nZ¼\0%z}pn^vuRm\"HTI^-<N\'p#={O5\r\0bkOI_m\'kclW7ïnI\'{BؔO#2^/G%;J_=Q]QE\0QE\0y>\\kzީײ(8T@#nQsGIMN67%9܊8lTRC(MZiv`ф绶\0$޸OzRx	W.r	ڪmo=&	i:hJ,7(Mr6t[I8u6L|\rj \ZaHLdmUd(fِX<gξ\"i6c/iﭼ$qGhcD>}`9ޯFB{		=N\0P j_tSr˨ǧM7尅~sGcC\0{өKܞwᶝe_^xoĺLZ\"EaHYA@\r09+=2;KH--`FII\'ztkIih%1YǠ\'@+R+-Hzz_iw弖4d\nTFp}\r\\6\r?B׆Co;SQ>IV(]jt=HREKD6+Z7$>մ4vE2!Sm dc#آ1~4?#]\"ͼqI%	_,>^FN0Vs&QEQEPEPEPEPpA\rV$0D#5\n`\0\0*J((((((\n\r\nendstream\rendobj\r16 0 obj<</StemV 138/FontName/Arial-BoldMT/FontStretch/Normal/FontWeight 700/Flags 32/Descent -211/FontBBox[-628 -376 2000 1010]/Ascent 905/FontFamily(Arial)/CapHeight 718/XHeight 515/Type/FontDescriptor/ItalicAngle 0>>\rendobj\r17 0 obj<</StemV 82/FontName/TimesNewRomanPSMT/FontStretch/Normal/FontWeight 400/Flags 34/Descent -216/FontBBox[-568 -307 2000 1007]/Ascent 891/FontFamily(Times New Roman)/CapHeight 656/XHeight -546/Type/FontDescriptor/ItalicAngle 0>>\rendobj\r18 0 obj<</OPM 1/OP false/op false/Type/ExtGState/SA false/SM 0.02>>\rendobj\r1 0 obj<</Nums[0 2 0 R]>>\rendobj\r2 0 obj<</S/D>>\rendobj\r3 0 obj<</Count 1/Type/Pages/Kids[8 0 R]>>\rendobj\r4 0 obj<</Subtype/XML/Length 3539/Type/Metadata>>stream\r\n<?xpacket begin=\"﻿\" id=\"W5M0MpCehiHzreSzNTczkc9d\"?>\n<x:xmpmeta xmlns:x=\"adobe:ns:meta/\" x:xmptk=\"3.1-701\">\n   <rdf:RDF xmlns:rdf=\"http://www.w3.org/1999/02/22-rdf-syntax-ns#\">\n      <rdf:Description rdf:about=\"\"\n            xmlns:pdf=\"http://ns.adobe.com/pdf/1.3/\">\n         <pdf:Producer>Acrobat Distiller 7.0.5 (Windows)</pdf:Producer>\n      </rdf:Description>\n      <rdf:Description rdf:about=\"\"\n            xmlns:xap=\"http://ns.adobe.com/xap/1.0/\">\n         <xap:CreateDate>2006-10-23T14:30:37-07:00</xap:CreateDate>\n         <xap:CreatorTool>PScript5.dll Version 5.2.2</xap:CreatorTool>\n         <xap:ModifyDate>2006-10-23T14:30:37-07:00</xap:ModifyDate>\n      </rdf:Description>\n      <rdf:Description rdf:about=\"\"\n            xmlns:dc=\"http://purl.org/dc/elements/1.1/\">\n         <dc:format>application/pdf</dc:format>\n         <dc:title>\n            <rdf:Alt>\n               <rdf:li xml:lang=\"x-default\">Microsoft Word - Document1</rdf:li>\n            </rdf:Alt>\n         </dc:title>\n         <dc:creator>\n            <rdf:Seq>\n               <rdf:li>lilylee</rdf:li>\n            </rdf:Seq>\n         </dc:creator>\n      </rdf:Description>\n      <rdf:Description rdf:about=\"\"\n            xmlns:xapMM=\"http://ns.adobe.com/xap/1.0/mm/\">\n         <xapMM:DocumentID>uuid:19249515-0162-4ddb-a0d7-fb394e9d1532</xapMM:DocumentID>\n         <xapMM:InstanceID>uuid:afdb6a7d-631c-4bdd-8e79-a7a17b973f61</xapMM:InstanceID>\n      </rdf:Description>\n   </rdf:RDF>\n</x:xmpmeta>\n                                                                                                    \n                                                                                                    \n                                                                                                    \n                                                                                                    \n                                                                                                    \n                                                                                                    \n                                                                                                    \n                                                                                                    \n                                                                                                    \n                                                                                                    \n                                                                                                    \n                                                                                                    \n                                                                                                    \n                                                                                                    \n                                                                                                    \n                                                                                                    \n                                                                                                    \n                                                                                                    \n                                                                                                    \n                                                                                                    \n                           \n<?xpacket end=\"w\"?>\r\nendstream\rendobj\r5 0 obj<</CreationDate(D:20061023143037-07\'00\')/Author(lilylee)/Creator(PScript5.dll Version 5.2.2)/Producer(Acrobat Distiller 7.0.5 \\(Windows\\))/ModDate(D:20061023143037-07\'00\')/Title(Microsoft Word - Document1)>>\rendobj\rxref\r\n0 6\r\n0000000000 65535 f\r\n0000013469 00000 n\r\n0000013502 00000 n\r\n0000013525 00000 n\r\n0000013575 00000 n\r\n0000017190 00000 n\r\ntrailer\r\n<</Size 6>>\r\nstartxref\r\n116\r\n%%EOF\r\n',	1),
(7,	5,	'Pisálkův druhý příspěvek',	'Lorem ipsum dolor sit amet, consectetur adipiscing elit. Suspendisse ultricies odio ut urna consectetur posuere. Nam ut augue egestas, convallis sapien id, tincidunt leo. Lorem ipsum dolor sit amet, consectetur adipiscing elit.',	'%PDF-1.3\n%\n4 0 obj\n<< /Length 5 0 R /Filter /FlateDecode >>\nstream\nx]ے$q},6,u]o\"ʲFR;dӣ!g\"V?7=/\npTh݉SD\"o\0PCٴx<5Ǻˇ/ߔw~MS<y	C-4ӡn-éo)Oy[榩eS|Uկ?3|)?S,HecҖ\n>*yOnܘQtXQQ`?q$?^Wܘ1nsw)ULط0b$K@X[/6pCiO_un~i,[8C}:e	Z}E`.j,cߡ#sY6d2kq4P=EݷaȷG]_ͮƦ4v>ͨXr:<_\rx8wǝzȭovmL,p}J}%wey{hjǓ8=VI`<ܮYմcwr8EPM>{]CbYR7v5A?n՛b+vΣ+/\"+ʏ`b;}8+͕v.@vQ0?ϙAzȆCZ,e7ue~_a0mͱ7嫙$FZ/A|f!ȡ<Ï\"UncSn\'GL.\0l\'. Op\ZUJ)gǫ!+x8I	훰IB76;0M\\\\}D^ihWO\ZQskf2blNp*	qEuA3~Jg?ۢnB? |ʀ>)#\'H#\'#X\\ơ^u=?^pe‽GX`aJ%m`ׇ$6|^lz_c׍,;6`hRtd\r3lsA{Itn;.hVA8,ݒ?չY(+PװYmMcd@M#	Sia#B=cm#k֟t-B҆	Æ֥c1M҅PjB\Z1_R;[IHcoΏOۑnKA0ćlO92 Dy(b/یMenO9phܞbmhk1־$U0ɿ0\n)`px\ZhUߗ\"x	ox/x?ջ|e1eǽMp{㢚RPE[ǯJ[T6g$߻<\"Fes{B`d6(\rr2]}VEۺ[>i.\"\ZʊYV20\\q\ZaFN!h0h³EХG{M\r|9!aC\r8Շ$V]I\r+H%>){Z\",\Z32)UFri_Ab9GMhK:M!\0G	6f5\r4*2-涩tmR毄aU,{mS!=.<tVo¿A:#qNo;!>PrZ\0ܜ8X8d(޵qFŀn7Ab6[,Oܼ:1T_tC]:=o;|CaR]Ȟ_c8q\r~l%LP7\ZO9. ^Zt>;{U@\riδ9}vi\Z!~iJe/Ӯs?p\"u ^XUnˮ[t~[`-Cy[F\r|π8—fuCd\r.k*%7		/QC0\"l۩F\nyctŸ/Z.E/!ɦgq99/꯹16a*a#b?nM\\%db7tc?7çF/r19GwhTXq	4cR\nٲY7NWjkԢj4+mtzRQЀ%9&AyRBp\'ۋMhw<0\n[\nԴ \'2bd`Gp\'tGPLW\"T[Xޞ)ls`#ɆtZmeUF*	\r/uvfZTZsvJ2Gq3hSoAoQ,z>,dRd&4@v(\rv QP`0xƺ]V\niQ=ܺn#r\Z8,TJI7(-..kߵnh`WEbߠ;`/ÈE@ݷ8\"cCȐҽ\\ëሳtiFנ>jhNe^YcD`m\"%(`zɱ^#*b)|.ܓE4	=|{~|*5~˭Uv-*&=Dy:59^E(jsvHU ^fYAam^2}v߯jڏݖ\"\0RrLKWuxDٹd<:\ns;۸ys0.\"]q2#;6WUXEɭ>O\'s2oNؐkNʅ v|U(\\HEOy,\'hK\Z^ڷǧXrwe-gm׻9nPcS5=:%On4\'?$	\0HI߲.,	bgENӌ=\n\'V|ԇD7IRƤ^25u;!ɔNيpwּZЦjiCN#2ѥP2p\Z*,6^lW}ja,OӰ{s&31|Djב$)坱}/Q\\6b0j]_r\"e4`p08&7&&_	\r\ZtE%=zZ[l55bd\r/57+l01Ž,G3#)1P}&p\"lrN33VNpp:ȼ|O-\"u13BLgbzPxAbOsI.gB6v~ʾRcX\rn2%5jQ`o9btBO%U9 NYπ\'PpwVs,Wԕc*nBװ)&16Lޢ{U~숟*wkbRVӸ^s.l-37pH#GrRO_­#B˩SRa$IO^郵w3uJtt9in*:3;JL˨5jUī;\r6pEmVV\'4*2dQeLrfx\"=R+9m}&HV8u쪲{8|	l3#)\rX|0a*čשIr|q=0zEIyXj~\'v}%ݛAD^3[>.>Z9׉S>&[Nݟoi(]}:%v##.n*Ft,\n	 zpDEx:6#S\n6 3q5Y!q.kq\n8-i+p2uW|}Kb<<C\r\\?5KtUMM.n*fｕx%J9,gYexe3~:3=@JS\"\\n2kۥRfŶҵAY-ދbZl+fpnEaY#,\\t#8aV\rB!ZyT\'\Z$LD]U#F:徵!2doZ4M25[5R!^0]ZՖqZ̪H^gv!;o~U]k\r!C3njj5yݿrQ/`%/|uQ/y͢&E&ty}&e[ÛG\0q]<}{\ZĜN>5\'a&IZ\"@\rj@6ZW^p`S/\n#(y=,#c6ȇ M;ט3\"gs;D\\W⭹}V`Z$9W#~ul8枞rQU!잋vB\rݒ0&\\7?3^/b\rZ{D@斧TvcsSpDgy%w\ZqCDWH\nMUFS$ߖP+8|M)ą<U|4	^^B@1,<P5	 )$P[ٞ\0{!\"L\nhm%e(ɻm\'A\r@C #p$28pHS	\nMV>E@xJq#74	p* m|0!f`A_-qđeDJp~TrPw6nGPJƕ+{w+,qf:;ܛXh+X\nn2>҅f<e9$KܵҶHvM$[\rSʉ\nw7Z0iHozp#V0T\"T_1F89#\"a_2&o0P)t*1ْ\"!G\rG@hN}ormb|X.sw\"c_ι jlqN\nߵ\rg7`q&IDeEHfFj1*]kC\'pkW==W%ǃk!LXkQt2ʋ\nLچ3(.+>	T\nJ,*	NBI۲@hM+N\"-{x|ү˿;<pR@tP16ހř$rGjCBi(ZG\\%/PҶX	L^\\\r,׶X)v:$V09Vf1(|үk\nV[q=7`Qb$V-kIi`8\rbv\"fD?!6Y\nnWpBRh+R_tRV<ĔJαrlXJpH!h]ŋѦЩƓV܋\rVhS왼Lg>᳭`)xޖ#H`7*<@E?Ʈnڊ@J\\1+Şt0ߚV<Ĕ4ku`M0҇vʙ8+5Cl-\rT@l_Cr8zƕBŚɮCLg2	ZG\n/d`_I4ʽR3bW7Fڊ@B6};<hڊb2\nV0m+X\npA^k\nαJ3\0p\nfDߺzO}E mdsƍ)r@2䐤m:OM:0i[@oԦ0׶`a,J+,`A*e\n6c]b\'(Õ+X4[Ỷ\ne;~&-X7`3`Hъ\\ۂz9K:ld+*\rTv8KaK?@l_¥+|׶XހC}YTmy?n2<}V$lG)o`Sa<o&$7P*]%\'+m\r`bYXBR`7l,rFbyxv.J2:@LWA@^reX&3b/J:XH)|	Fz#|])igc[Laə,`&SQ&>j/Ul.Pi\"n\\پBd!\ZL&`m2j4`[Laə,\n^awFBL70	+rEJCy yw8ɛbA{3+=0@[t6I>Y}hA%Vbﰒ$_\rtLD/79W`<],kWJ!أg[ekQ,dޮ\rX`|dꂕd	/Cpf,[i`/kv]k[3Βf|Q1	Fzi/8#1w\ZчB/Uز&zɕ+X6O4O|\0_5y4HLya:Zy?q8J	3+ԅ$O|2FT[%W`<]<<^e;[٦-3S^تg`3+,z),OPet6Uѥx+J<]<\\h\"I~HB	6I>^-l[+,̈́X$JC3h&ؐ&)+ӈM8	BH<]<<_h<	\nl3+O]aBr~BZ\"D]DB/}!|6նe|~UV@o¤3CZMŶ&IL!]64	Ej]-geXIpe\n֘dV@o_RG˶zf87ql+X7`3SȭMB@ElWa˽;!*ۊdW`1	[Xހlg;m35IbohVUH`_2&6CzvHlc)M,l*rn8	Ok\"\'\'$V0,,DVa#Y%3H{l,販PQzG*.xmk(xU!qxUo^s[\n.&.U0>x%V0\\3kیV9ߖ|Xh*_:/lZ`v@<F= QFA&sDA.?/+yx;cw/$z,FΑKÝ=BuPx[ HU6qKSےnzPרԫ\'Ǽ*h׋77sw̽-H.?]6\nendstream\nendobj\n5 0 obj\n7178\nendobj\n2 0 obj\n<< /Type /Page /Parent 3 0 R /Resources 6 0 R /Contents 4 0 R /MediaBox [0 0 595 842]\n>>\nendobj\n6 0 obj\n<< /ProcSet [ /PDF /Text ] /ColorSpace << /Cs1 7 0 R >> /Font << /TT3.0 12 0 R\n/TT2.0 10 0 R /TT2.1 11 0 R /TT1.0 8 0 R /TT1.1 9 0 R /TT4.0 13 0 R >> >>\nendobj\n14 0 obj\n<< /Length 15 0 R /N 3 /Alternate /DeviceRGB /Filter /FlateDecode >>\nstream\nxwTSϽ7\" %\Zz	 ;HQIP&vDF)VdTG\"cEb	PQDE݌k	5ޚYg}׺\0PtX4X\\XffGD=HƳ.d,P&s\"7C$\0\nE6<~&S2)212	\"įl+ɘ&\ZY4Pޚ%ᣌ\\%g|eTI\0(L\00_&l2E\09r9h\0xgIbטifSb1+MxL0oE%YmhYh~S=zU&ϞAYl/\0$ZU\0m@O \0\0ޜl^\'lsk.+7oʿ9V;?#I3eE妧KDd9i,UQ	h<X.d\n6\'~khu_\0}9PIo=\0C#$n?z}[1\nȾhs2z\\nLA\"Sdr%,߄lt\n4.0,`\r3p \0H.Hi@A>\0\nA1vjp\0ԁzN6p\\W\rpG@\nK0ށiABZyCAP8C@&*CP=#t\Z] 4}a\r\0ٰ;GDxJ>\0,_@FXDBX$!k\"EHqaYbVabJ0՘cVL6f3bձX\'?v	6-V``[a;p~\\2n5׌\r&x*sb|!\nߏƿ\'	Zk! $l$T\Z4QOt\"y\\b)AI&NI$R$)TIj\"]&=&!:dGrY@^O$ _%?P(&OJEBN9J@y@yCR\rnXZOD}J}/G3ɭk{%Oחw_.\'_!JQ@SVF=IEbbbb5Q%O@%!\ZBӥyҸM:e0G7ӓ	e%e[(\ZR0`3R46i^)*n*|\"fLUo՝mO0j&jajj.ϧwϝ_4갺zj=\Z\Z\Z\ZU\Z45nɚ4ǴhZZZ^0Tf%9->ݫ=cXgN].[7A\\SwBOK/X/_Q>QG[ `Aaac#*Z;8cq>[&IIMST`ϴkh&45ǢYYF֠9<|y+=X_,,S-,Y)YXmĚk]c}ǆjcΦ浭-v};]N\"&1=xtv(}\'{\'IߝY)\rΣ-rqr.d._xpUەZM׍vm=+KGǔ\Z^WWbj>:>>>v}/avO8	\nFV>2	u/_$\\BCv<	5]s.,4&yUx~xw-bEDCĻHGKwFGEGME{EEKX,YFZ ={$vrK\n.3\\rϮ_Yq*©L_wד+]eD]cIIIOAu_䩔)3ѩiB%a+]3=\'/40CiU@ёL(sYfLH$%YjgGeQn~5f5wugv5k֮\\۹Nw]m mHFˍenQQ`hBBQ-[lllfjۗ\"^bO%ܒY}WwvwXbY^Ю]WVa[q`id2JjGէ\Z{׿m>PkAma꺿g_DHGGu;776ƱqoC{P38!9<y}\'ZZ։6i{L{ӝ-?|gKϑ9w~Bƅ:Wt>ҝˁ^r۽Ug9];}}_~imp㭎}]/}.{^=}^?z8hc\'\nO*?f`ϳgC/Oϩ+FFGGόzˌㅿ)ѫ~wgbk?Jި9mdwi獵ޫ?cǑOO?w|	x&mf\nendstream\nendobj\n15 0 obj\n2612\nendobj\n7 0 obj\n[ /ICCBased 14 0 R ]\nendobj\n17 0 obj\n<< /Length 18 0 R /Filter /FlateDecode >>\nstream\nxXn7}WL8&$Ƕz	n-: -ˎ?Y_e$`\rvΐS[K8s\r;;wKM\ZA{/,fsO;B-x<=LxtWY%݃vUhalЪEډZ\"tvo@\'?1\n&Q%t-6PJavȞLcD]c\n&)v\'VqWh?stFGQSu]a{\'hi5j0CT_*(a6h\'W9ٗe#\\剋U9gze!,-R@(הq+RUyڢlם	p:KL-فE1gڅK\0FjTP2#ZMN{$,\0_JGzQR\03_7ܟg}NeOpG.aq	¥Pa,CWkJ鐍Coon9ke̅=ld!\'	wj:ؾ\07_ U%-r/^S$n2Ǜ^2N{Һ룍_{cGާՁȻ[C9ܥRc:ue{ͪRcq0>>1Kn[բWi\\~ϽI	Bz0ʱ,B\\sP+M$\ra%:%ʽ(t뱍%%މ_fbIM5b	S4EFwM\Z\Z4,۵>3-ֲ;%q3m#(&]Ѣ@#)HMZ	q#! ^jt\0:ǆZ06jT[N(g<̠֧<f\'6L]eE+W`V1zxf\n_QixY#FBZ}uk;!׬+Lx\r4ȮYքD2x*\\v)0RcUZ=eg$e66^4csB9fw˱kNI\n*\\ZX\ZMiE-ã%\rZK/Y[^1q<HתB![(xi˯\"=L+lz?`i\nendstream\nendobj\n18 0 obj\n1190\nendobj\n16 0 obj\n<< /Type /Page /Parent 3 0 R /Resources 19 0 R /Contents 17 0 R /MediaBox\n[0 0 595 842] >>\nendobj\n19 0 obj\n<< /ProcSet [ /PDF /Text ] /ColorSpace << /Cs1 7 0 R >> /Font << /TT2.0 10 0 R\n/TT2.1 11 0 R /TT5.1 21 0 R /TT1.0 8 0 R /TT1.1 9 0 R >> >>\nendobj\n3 0 obj\n<< /Type /Pages /MediaBox [0 0 595 842] /Count 2 /Kids [ 2 0 R 16 0 R ] >>\nendobj\n22 0 obj\n<< /Type /Catalog /Pages 3 0 R >>\nendobj\n8 0 obj\n<< /Type /Font /Subtype /TrueType /BaseFont /UVKWHB+TimesNewRomanPS-BoldMT\n/FontDescriptor 23 0 R /Encoding /MacRomanEncoding /FirstChar 32 /LastChar\n234 /Widths [ 250 333 0 0 0 0 0 0 0 0 0 0 0 0 250 0 0 500 500 500 0 0 0 0\n0 0 333 0 0 0 0 0 0 722 0 722 722 667 0 0 778 389 0 778 667 944 722 778 611\n0 722 556 667 722 722 0 0 722 667 0 0 0 0 0 0 500 0 444 0 444 0 0 556 278\n333 556 278 833 556 500 556 0 444 389 333 556 500 0 0 0 0 0 0 0 0 0 0 0 0\n0 0 0 0 500 0 0 0 0 0 0 0 0 0 0 278 0 0 0 0 0 0 0 0 0 0 0 0 0 0 0 0 0 0 0\n0 0 0 0 0 0 0 0 0 0 0 0 0 0 0 0 0 0 0 0 0 0 0 0 0 0 0 0 0 0 0 0 0 0 0 0 0\n0 0 0 0 0 0 0 0 0 0 0 0 0 0 0 0 0 0 0 0 0 0 0 0 0 0 0 0 722 0 0 389 ] >>\nendobj\n23 0 obj\n<< /Type /FontDescriptor /FontName /UVKWHB+TimesNewRomanPS-BoldMT /Flags 32\n/FontBBox [-558 -307 2000 1026] /ItalicAngle 0 /Ascent 891 /Descent -216 /CapHeight\n662 /StemV 159 /Leading 42 /XHeight 457 /StemH 43 /AvgWidth 427 /MaxWidth\n2000 /FontFile2 24 0 R >>\nendobj\n24 0 obj\n<< /Length 25 0 R /Length1 28228 /Filter /FlateDecode >>\nstream\nxļy|T?|νw&owf$d$7$aE%H$l%,WྶR[	b-tZiVo[%}~z~yf{s>YΝ\r.^NLdD^zA|$!7eǃ_X(^#D}7\rqiV,_P&\'֭@ELkV\\B9:[,hDyŗNܟ|r./!ko(/鍃O	)j_)\Z/p)%<\nU串l#\ZdxikD2kWsvx_\"k˗:<Qtn}Jր봑|9G !p\'rSk^xDe\Z6YX+rW%a.d#Vmx%DVsV#H\nɪB2Z~gQ}b}\r!l-*3ibuQldjvpBuDj=naaa\'1\rfo#*mF؆0M!UZ\"\"AIA7VPё9D2jq/ᇻLTJJ/P#DDOs<y\"SP\'U\r*B@TDEIIcL<RjÂwǆEUr p$\"YI6#p3d7w,UAC<ف*e9\"9MP<U=mWD\"\"\'!o\"\r\"}y>:lpG~)Ecen,+IV\'+.]W>QT?>	ΪO[_D2IF&~9#%)*p!B~jD4M)+6\n0VK͖v=0Z+w;>h\"	R!r9rM55cc(ZO\'B^ؔ6b%U{++\0	a`GQ{հfvE^txKd`df=Q{&.0e/C5\n$V }EJ&[f`koC8\nE`|ϰZe/P.T/hM9ʜNdT֜?T2hJhU*Jˈs3~sD}n2nhV`1;\'J\\WLc`c3T:r:Ҟ I>9pWߤ<m5b}@M=ZAFհ`_W)OTEہEPU^WJ֑q#fJ҆\rj9C?F̠, v \"CВ|\ZIw!,!pUy·6lfn6U՛6\\/WE%!=_=z^ЇhNTDkn^]]o7Q9OS%%Ao=E+P}Ňi^7U/kfDmtU-mJ3|ւ8h2Fccm70fFuV3999Qh5!vFfmZY:@݁8!ەQ2:*eqWG!@|JYB\\{3x;ǽ\'19	p#1z,FǸll4ƍ7q,A\\r\nC0w~#!ە^׏AUFܣ$,ǽnCxA܆F))\0b>w.$ZHB$$^_բv+w?Cޏ!YIDhcQ\\\'{_nR!i>^]M>#s?2۔kE2xcױQ >y-ݏ}r2ݦp/VnwD@2\\Hr,i/xL?W)CJ|V(%_OHv7p1%DWɖyD)\"?GFsYQ6T		3d1=O;l>61lYVð7ln\n;;A%},֘58p&znJ8K̼!lGxp\\wۑsg !)u!9+aE,t\\j4.<%u.(|.)!&7Dun @\r/Y\"00<a_I{H\r/ܝ&4C\\O%H%cH/$\"J?\r#An$\rArd5}D^Pn?@5Z$Zde|beTf87D#%JBR<5@2\rn]I;G\'](r.YndɤZr)\Zr%\05ϕ\0A)ϋ4i\\tsHB.$~v%\\4qW;iU&e%Y/!/S#Pl 	zq~:BΉ_#:YdYo#xOA뇭FQIr&qd8wabف%e%pYN|dz,dJ\'$oG-&Xo\'`yv#2yr>Y>p8y_3Y6\'Phz0mq\nf6ր4c]V}FT:.U\"]!˵/i.N~Sk#ڐ֡Egt:Fq:#cdb*Chn\Z(@\rA,p,FpTA3gN֧fh6ffu=EzR2sI8ՙ5]UKi>̜7كYJY{Ҳot6O8?DJegWgs*\'=٧*̖^8/[չ%3X=]ًnJ7]n%-$֍BuVDuQ:-PƢwoJf\n7Lb^M\rJ7+U@]*yB5PzVizK+A/nH\'mh~r_ZПy\nOvhI8뢍!K`ٍERgx$kϚ\'Iyw͗w&ɓŝónX{\Z\r5[5fZk<[3&ә=wÜ\0jGz\'Vt#/}SY49kF`TnO&4k:乪9>9$&M&<]+;[φ\r__@kc.6 DTj@TЗOuY?TzJr/{AߥFU$+(![݇MHN3`꥘ũUVynP! @<аA,4T)PS(W߀@U5쪋}&j#z^?\"A8?c\"Wc0a }L&>3ȍ]̇C`d&&jjG\"3IL3ȟ$S:\\\rfyrl(6N\\M~MWgpTi6~%=4{Ԃj5PiCl!/ߑqܫށQzBK; E*r/!y7QzԒ%d\"Z_3$iP?7X3/Bg\\J5es\"Ut|\"REa|@= +NsFn³@/;yxzlƒrAˈWn%W0:06;\0#7r?5j:#~H_#?A^ŵqרƮ$2ƘN!ɳ4Aez.}\nUWaJN!O~A~Mn;*~X}oS\\G#{ɗTMD4Li=r:J9/wo4~+`r\\O\'ɟQÕ\\F{P_Un3Nm?q*H7}d\\X*yOCizN&=@?_qNn:;$?ĿW}]<̿b8\Z>Ǐ*X8i#X]!<vr>`=BP\rV3R2<9t>nwG=EMrun!w\rw7_ZI]34Gq;\'0O+wZ`jd2ud#0+g\'ɑ}-`C8NHr-̽jˁrz\rދ/!D4Mpr}.rWs7s;ܟy\"_w7[,\r[UBծ@xiE?T?#q5#mbMڧhuXOݘ}b\\UNǹ<gܝzV`%WlY\ZBTJIb;_ɛ|~x\'{ͪUl<qZn\'z\rXD΢^wz+`:>ýչ$rzcvskrˇ\0>5_Ufl2צp5M^:wMto?Ϧi<N>Kkʫ|!\0V_0h(K!T^3co;kW\\;V8ƍb|BvE9b?}r?F^$?\rq[0&YO$nx/G1*@\Zte\Z	_?^$/OݫN_YI^\0wt{2L(*ջ/$j\0DcӥŧXA=evb\Z\\/>2X=0X\0L(א[@Oa9FLrܠ󥸿$ga,K!	:Zhc|nQpqe^ev{K?-u\0C\ZSv?ð&/~\r\\(GKԅЂU5;$9ƈ!c}SSu,}d \0yYI-M\r5UtY*YZRǤh$,q\"MZ&Aj\ZQR%MgYUB6-bT,>?FՔɆu2z[OS\'-%]ٟwJ`|oz٣J[oWf#\\gi+;e㊭]2h:ed[\ZEݭTp]љYٕJ˲=swu#tYv,d	SJҡ&jۄWf4ѭdIʴLZx,ctem)ܷ3TC\\rz\n8:oݺ%1wi#l^kSp[LrqKq\nWЇY4YZuU?Pۚ%gl|>ya\no7_dR.zƦa~%]K\0bŞ̦g6%tgg|Y(MXQKØ|	\rd \0^ˀY}GViV/	Vt,ą/	kdۥO泩T6dKDbJ6]q{H\ZHNvqoSDoCsaC`jZFO8b-C\'[_J,-ę%YWQ׊,u4//<S9wpU;swJvP\rmlQ|ϡ8?bQ.\\m曲8~\ZeQ/*\Z\Z^C$2A3FƏemJML0lwߙi+?sX7sނ[\rifu)<ek#CK myx`P#/N6ard.8wLo<so7?Qr/1o|`5	i䞆`&dBBթ$\\lRi$)>(\'RQߣ P\'6\nv\\Jf#A)\\#,O|\')dGHo&5`cͅG\0\'c4q\0R\"^Q5s1ў@J	n{\nMZ,NvnQzxOIOFЀI\0!T\0v)AC\"JOb?}c`i|2M++:RG!?ly(tEb[nݩw\ZbiZl=*<g{WF9^~\"*834K_DbS:W\"=\"1sQpa-<y7G_hGx\\DԪWybЪ^īӨ_i;C\0<xRW-c--c-\ryʊ-b#9GOj\r^d){XWe|$>S2{em۸=#ąn1GdXC~B>F>ʬ&ęFhEC5}H19wuN9JDmM]ud*VóT#EY]]-,1mQUm ڱhQGǢuY->\\ԩ>Htg2zN5Eڎb\nߊLYkbZ$]]KnBW}XZ.Үr>VcJ	8NXuDӚP)BrCN,\ZN+/X뱼 M)<-1|<z~})LpꪺZ[M\"!Eqהnq.v2\\=N^3Wv%SWD±#쉪Dc9v##Y/6sHo\\s2uڿǞqgݜ{FsԮcGF7v[uqOԂS`5@_	Ѐ/OPJ`؎Ǜ-[+|շXv+\"2d׊z\07nnvctRRM{h7R>[EmE\"^[-444W=\'D|?+^<,nOFc.-߾ͣ#OL.GV1Eˢ궮HmJ]@]쏻^(2mΡ#.YO@n@w]?x{΃_9XfDblQ0j.b=Gx_R+E^YK[C4$9kB޲`ׂ\Z3^ikM#{c悔\0.Zʝ-D*CY7_޴%izg{iWϚj{R4^r%wx3om|m,i+oxMUx_	\'\\7K8hih^qR-w9XQSrt}6hu}?Q\Z[w9 \'oB#*mFipyA{yјđ$Ecxn9]P9.\Z3kd.\"qMplIbuX,VnZhj%ElNEݒ5\Z+ V6@z\rh,\rފ`b(#q q8=NȉlOdm\n}ǽ}to[q(׸R])2}156zp\nVhiѶ`!}hDq:.7X\nfRWP]UuR|1P_4.\"ɔtul?\'pU?=@nr/qTM<RQH?4ho`^\Z\ZjOYHH^T|z]Q;ml76o=yM$:\\!W2%^j-6{,HpAl!#yfWy*.ب7	{Jaye \Z8C{>p!wwU_7!1q@1gnU$\\ٔpuzf!N4DF%N>u.L%}kY1Em!49vFN\rr+Usˎݻ7m_{p;ɶz|r7޳wO\rt%N	]8\ZT32z-,~FyoX$(ŢVxΏ_:R>߶{l-,hAAKT\n[-\\\':{:`\rA.ت-^Y6鹂d%\\$&Qu\0)\']Jh/vRh[]1ΐR^d+4%ťb^si\\N:UX<%$4\"ɇ(Rqg4NRBK$\\}5#jSZ\0vi5͜a&@tsUhLsqsI.O̿ixعbEMq|mE>j%uâ~2˰k࣒ΖT^=^]ǻo2lp^Q~C}^^\'\'\r)WTo`eNՃGU??P(5~j\'\ZMͭcY0KAM$,JTCLZ3q\n0Rwkݮa{LRΣh9Z\r6N~!ʤ+mU+).jKI-JImNmK=ҥ\\.哫i5E3gnUCYշIkeW@=2!+@T\nc\"/\'\\jm>d-1VۤrN*Hc3hK	fWzH4}UI߬N7|OLN$+W>\rwV\ngwƝgbS¢˯c(d~iomQ4a!Enl0Rh#3,p=\nhk.B&}Mb&~r8؄>{Z6v᠖ AwT*=9B2BXuϓ(%PKE$KK=7بiu,L&VY)~+IW\'wtvF=윴qM0\'F6b{#0>ƨRC%>- {we	gN֌sBbr5\\d;\\@B¯H:˸Z$X~n/d|!:ttSy}܋d0A.\ZhҨdmQnÑ@h`XLhA6\ZF\rE87a~pFF#\\ED,E(h)h\'3\0f<\rF\\	<\0[?@@yf<)<i3]Lt-\0q\Zƌy:nȼ~I#%ӈľcՖ˛i̼Ur47[Lڊ]>\n]h:L,775|$\\(`<*Yh]6Xff_o%fFa&ا-fufct@nfm`43ܓoDs9\Z\'OVA8U2EnDIpx,/zrRKt[S}Hp-\\߄7Qt-``nkы2P,kVanDAbDg?,^<Q0vsؼӈ.Ђseug:vk왫x\\r%7-VJpX\"=gU\'\\F>WnĚDmƚmr/Uۥc)B-\06_:>BB8R>p8O>vʮSMT;Iq7)K1\"3c-Z\Z!C:!/\0psի:\r6nVG]}e~opbǊF~֣;\n]9S!]*\Zz\Z ou<PG/!.	@>4u4pbbB\\m[fiN/\Z-o\n&P	dڨ42~A0V~It0Cb]-̽x0ل7\Z9>Q&Ґwj\ZBbIX[rn@9Wo#D#8ȈOaD~֥4Ћ<Qh@%\0Jm)OA H=JSy1\r4AQHDt+)kyOx1|%=ȁ$0,?q)&zD2wU[<NŚ\\~qx#8lWOSX@0h571\0;;\Z嚂(ۮ]&`8nj\r[	Ż4Bi%ۥ)Qt쑨$JO{`\'2:\rc;/p1JTS\"\\1r׈*=yrk[נTVd<+jU֓uPx(rnMvG̪*TEIF?7WTqH3Dࠂdl@GWkc\0tvOY\'%:2aA~nS(vR4X-Xs2(2^-sߗ*ѳ#\\΋ɭY\'^jJsG/XͿrq=1f+E\Z޵=;x7W^цܜBqQg1\"ҋ+J0S~2Ґ\rEYdݧOw7oK59Vk%qn\nK՗6z7	?3mXVEG\nǻy_y20E;gN$L7`q51EM0w.ZhH>Nx}qNrn\rr6%N1-2ħBJ 1>ЍZfRܭ#eMx=㜭42~\Zӣħ.PqA\"M jl6k.u[;$jxaκK=^d_U>ZFʹ1{|CLB\"]@{޿A09	z+WEUI]Pdh&*L(<9BF>w\r\n5k j$S?W/AD!qt3J\n1)e!Qr<nHH>DQg,C-,N\n\ZZk#a+6afR±9u}\Z?}_#ˮZn Ex\\jd^b;{7H\r_*[$47505843Ǜ4KDoL:_oinJ\ZB\0i)ꐤffH2EDGy!=DiԝDD?B$%tyU$BA,jYo\"I!%?t2&pf20>]>i\"+º}aD)%@PZX0]C\n}I+#72&:#>D)W:CK=5zc}	Ԙҙ\Z\"g+-0Q\'	!~LfL|WGNu3{o:r}_~V1_8oG_l9_UFO9Dxڔcu֔PjDéXY].u~M7%IPSo$ubWT%)޻TZ@|cO9KSV]jZƀUѺc猯Y5RQ%k+y֩Ӝ\'AY٪!jXYm\Z&x૩W[.k3OY^0捼&R+7Yo(>uY>O?aFeZx$HтvA*8`yQU$a]cEźX\Z躁KA9g;+D_=/W\\s>nrkf2Lyd+V#?lnł`GS{x&Pw<D~y|5Q&C6pTɍFUpZ	p=AkTE/qvФ4$u<4l Ұ#n*G	\n_A=n@9rҪtҬSQ&LDӔ- ԦXxvgbrwGSz`RXrS9zVk\"o>=%B\\MskD*D)/cF98.n|O)\\\Z%p]A]{-o,Ģ!\Z$Ȃ\'/%qWFPaKaBbLӪ2cxH\"\'^YQ!WTVPWZֽҞ$M^9i)<݅ikGa\\lUJ\'qKeHqYDŦFa?Wb±t\ZrP?`*6,YNj+9/z;LAhe3u>lxi؊=g/AVw<^^>sl2[Oq^]0oUh\'\'HM+OG*FgR$^0v%h6AS]Esk5aajn]NFS\"u0ʤbvjml\"FOOǁrIF]Qiuo=6ͼ)e!l`,zɁYLB>#wEq\Zmyj eBBgHNB=E	9~hJOGysaPN#T\n@j7Uuv6qM6E+YKb;\"m1Is/syT\\8blUB5gOl$5oNe%ئb]\\SD\ZEhJ猥<^YTc lA,I4M\'ʂX\ZpnO~{ڡ4pi$٢6Beb̲^ zx8`.!;\Z{K<R^>&,<^s8C3\nS>GYxQX&:&-PEޢ+`5%Sؾui\"Q\Z33ͫM\n\'\no	3:Z^7kL;Uhv;5؜@>ܗwGVB/.XIDhQ|JݫV0@yꖍTHڟm\rP\rk51ͨީ~Jp\\llQ_K}	S->ib״\ZpJBWQ58\rsL6\"c,!t\ZkauZXd.gѴ0`hZ.Qu!Zw>}]o(رZ	7`%5\r>{	q*)$04nQNS[{?*-l#aB`Pl:pLIE?_lzg}Cܱ?w9{h	;J͐\ZAhT*;giWiO?|Ȼ郵Ik]E3ktwj,{tjz*Ӻߺ}s\'}zՠsnh8)܍_4ӪjNeJReTYiK3yU+o~_EV}hv\"庋u*N׬Lw!㺷tFv1\'F,4O!}KS5VYYyȳG{lj<<L,˔:K;q1?%$ooֿWpD/@dAnjVI|`o%=%m~OzRRf\r\\ZV*wRY`+g֦=6>%8Z_oX*uryƎ*b:c\"F\noAt]\nv<AG(T54$P#qc1a	BևhCDCEԠj1-j`aVj׭#tm\nT*-C|LꜨɄ^fw6s?scϪZKړ@bzsY޹\\ٳ8MWmgyKvSLTvͪv픵#B3c]qܺr	nJfaKИν.?qZqI9|q~a]螢gű{B/Hm:o	^<Lqā#c\"c8S7O¨LSasFm,z[\rZY\\\Z\\9X?)I]7YjX\rv,8Ő>NaaG\n8(om#S\'\'SCCүg(`Eq|*xf f85\\~g\Z\Z[̛^?r{D}or4v^Vw?t7߅\0}i<_csqp.lrh\'^۶_r:ٰI\0&z	9z-SN}R7:>E6XaS\\#d?QUMF74ָVH8E+i԰Tj/m.~UEåu\n&FJ\Z3p	?\0y=c)حqT*V\nqf\na%`CpWdۉh°\\  Pvt\\ik\r,i\ZtǞ/?N&L|azկ|J<KE{u@1e^1۱Q1gf֨p\\kjKШJFIhBƾ򊅃-(&ZF˶hqLX͒}yT$F]F<*m4͠q*(#mErԚ\"yRm܁؄BE%D4hQHD\"j-EPDS<[ef[kكc(%hJ#)iYrR dI1ò;VL3ţpRVTBI)]HM7=%b1GV>``p0r¦Y3w-`\"\'6=oX	TsvNZZdW.PQzi󊬃jc$ZxI~9W_YZ2))ɬ2kQs>>܎e[v︠Vi##]y2oTi®=jt.3^3{\Z۬{@	v!qD|wm,#ybb`>\Z<f\'$˰4vQ9>+&SH1<;[kU\Z%-r+IWdt\0r\'ĉ~ΆTP[h2!Mp(@W6l Nf8mC=-0M/8W,x#m\r9\'W+|ny̿^qQR.,6f~\n{C.O\r*6Tnu\\SqMe\"[9Z}ڨSb!B%W+L\"y>cV4set~zNR\n	Οl^INq8>R/r#UܟqjQԾp$N1\Zv9\"(\'lJ\'Ql뫥mmz߱y\'&(\'^wDc<Mu/m|ˉ[ljY{:m:f+;&q&״eqN[grv6^>6z1FR},2z%!w[̻3z^bWO(\Z\ZJ:J+24⺴XN`~\Z;\Zc.3e_mu,hľÿ[^!Vc(?XU\nEWiLgWESpN1&J[*$^co(8p`$^~B)\r^cYgeL<7Ubi8TEV@qv\ZlK\r0Bw,VYvz\nG.	DvdL*LhåRoE+1J_2w̑#ǏE8^P-?;Nd3NK[#ԩOJWNKlQbD^,lٔ*`aeFZf`)?1ݏ눔|p=<ɽ-%w<qoۛC/扂=vim~Rᙧ1H=bX{[3oǿQ+{H1&j.Ic\"pISL$\\Q&	I@cd8]S,%0ìnlǿ\\g|ffʚ\ZIVȶB\rdv.ĆO1Ylo-alO\\q\n7[rneC^g-\"-dXj{c\"DwwG1I숶)jE$hL,>/ʹ>&6#/\'1q$i麈B-UЀҒ)bGap\ZYh\rcZv44x*Z9k煀eCW弟D4JS~bz[KB\"Իv6/o?h϶Dvi#ܙ&>\'fDȱ@\rSF\\Dh*IrR\"p2ѬT$JuyjA/DM挦\n.XS v4^>ol:}X*VH1	GtZeэ*/qi3՘i3fG995*RZyiXRaن!()l1GIaU*ePF됲.).SJSSzgJLġ[ow_;{e;zOvG*ՑD2h)<y^{W@\"Rۯ쌴\r}48zf9g\rK4ܴ ׃.RI?glkh=idq㝚Z!?gZ]SEW#&Zzҹ5@rW$u FD8lZ5§h\0e9lO-_cPdww־AÎyxrm\"F&;$`I8`ULg\\&=ΞJA()dv%hJX*[!yahN~KbX	J\n!^j޲S;Yw\\)f}Q㩵[S.qC,0LWJL2	$x+q<RXj2^Nnֹ:,Z`OΞQ\\/XfO]>>]Jwo\\7lD2>:Xf,ɞ7}D,	ԺZ=<J7بJN*sVf*BҦ$ÍjX=cT:wq$YXl/7qa\\%,_.mX8pgG\ZOhZ_1KDNA-xWfN\n3;!N(rMJ)SCԥG,fRip&\"ٽaj$\Z`%t4]dRj66!66ahج4Z7{iCm{mm/;2>7qA%4ٯ.\\~ٻ>nqZy:Tlv$>ի>\rӒWߦ􂾩3IhA\'g{nYUTmF\n6MQ\0Z&L/4Ԃ.&unKOF\"Rُwep\Z\\E\\S9X*I]6\nl1&ol`I&0noXILe:gkergtU&2ѕЙPd1-8\"ΔjD\'䍧DqSZL!DI_G[p]akmSk$mlmNl.SmplͩHw;/@qSѧc{/N8}X,qy qF>,V޲tWL&+}SUUg/j\ZEGxq.ϴ˧3\Z}ۙ5^PJe1al4:LBAR5)z|HrbR\nVAIbFHѻSыA_LBB:	!чE(PoAETbb)[]APeC-x6lKGz\"+ۢkhkyd#)EI\0?apEr6`.Q5Q:gmT?U}I\rNq\0?\"9jXPCkW>\nW`\'tͬmnF4b}7t\ZA_3LLC^;)3$*\'~sۢ*+ڶw\ZPxqp4wਊ{Z^hp\nm*\\*x#F=S_T\']]H#ݒ\'̺RiqI5vmQTaxlLw3{u)[.CAri1EIArMDiDhDm)\\\ZIhb|I\rB l+3=3g?p\'wɞFC\Z\rhAWOG4\'>Itn`uEށ/rr=0تv^qcVyL8|JbO1%\nw:մy#^@ j]gӻGJSFh+1ͽX:j\r]z%O\Z\\+\\g H/\\,`\ZdJIhyi%qnR0\Z\nSqQB!ɱ}I_<xM9.2BBؐ)_7\"mTqϔ(AJ.K6@.t(edo*¯/.iK!JDRϕ\ZqSpnNe=pIT8),m0ԲdKL0,xIM2=5:aU{WѝQTк|=:T[]=}Y\"ΓuF=2X]CMvTUx! W>i!C}y%%$YJeDt;ey9\n/SK|^[J-zo HڅZ@L<\0ةaԖ˕CÎLw;+5\ZϫLI<CS7nU}dߡW>o\rܐgZc\'ٟ\0Ԗ>b9+ػbENWUZ6N?Oo1?zvFdB<nu\"60	A @+ ~ _!W+B\n{E0\nSQ+2|28Ap~04\"$X3Z_I<\0M0#q!!{r+SIьa!\'Hp/m7Ki`A<z_=ܛ`_Jɵ㋕98Ac\no$K#@\\>M]WPzl.A[~Z0ڶb\n+C/-~G˂G0kWWޭ_ru;ʫc2Y^6m.brf3VjlߡJH(P5DF!jOڢT\ZiZL\rDd0&FdP3vAjjQ?3J!,Sohg˻ҢxuZoKZLntv!W\0KXƣWđ!Fr{	ݛ1Ϝ\'7mח?ܚ\nQBp|奠1Ae<h{gf,D)?Ɯj!\0jƠ@4fPd엹#eN|Cfָi۰p<^:ԨFt$y\'6$WId=8%9osk2[qop\0qro5-j\"\r%#w0kd\rE<ΐ6\Z!xp0hdş8 M\',/+%.?T?hX+>wmhd̓l!Cd=#-p͛Q%}@ԟ$q-QYygPsTeANq͛*bE1#f#1.uzHF#RC9XyobP#q&3qѱb4>(r`0^Vd*`+(S%}\0Q#rfh$5Nm#ׁu]]Ȳy27!d/r8>-!t\r9u`GH=ZӞ®/mܽkݛwܶ~#\nendstream\nendobj\n25 0 obj\n20437\nendobj\n9 0 obj\n<< /Type /Font /Subtype /TrueType /BaseFont /AARRCI+TimesNewRomanPS-BoldMT\n/FontDescriptor 26 0 R /ToUnicode 27 0 R /FirstChar 33 /LastChar 37 /Widths\n[ 667 444 722 722 556 ] >>\nendobj\n27 0 obj\n<< /Length 28 0 R /Filter /FlateDecode >>\nstream\nx]Pn {LMR*}n?\0Ba|w!i*0iNs]=cyp	k2N3тu&_YYG֐ߖs\0R2$KNlޒS_\'\Z73pXEW=#4U,]\"%\"D2Lrzouz\n%VI.VLD	\\=%pMG.x5)>n͚E_bIW\"y\nendstream\nendobj\n28 0 obj\n252\nendobj\n26 0 obj\n<< /Type /FontDescriptor /FontName /AARRCI+TimesNewRomanPS-BoldMT /Flags 4\n/FontBBox [-558 -307 2000 1026] /ItalicAngle 0 /Ascent 891 /Descent -216 /CapHeight\n662 /StemV 159 /Leading 42 /XHeight 457 /StemH 43 /AvgWidth 427 /MaxWidth\n2000 /FontFile2 29 0 R >>\nendobj\n29 0 obj\n<< /Length 30 0 R /Length1 11848 /Filter /FlateDecode >>\nstream\nxzy|[m,K^$/-YVl)N,J8qbY(q\0q@Yh|@IX\\WvR_JڲI^Kbse~|OWg9gf̙93w\r.ZBIGE{I.-ڸOEd^*yxͅ+7ӾIKt/[	KO\nЂ6\\O-[fѨܷUݗO\"]ݽj	(>2z׬ߠ\'eжuKFY;QZ֬b_jd\"HA&R:=_$#Rn;@Ӗ,2Y̗DvzY*KʙGhG%)485$ECji\Z)zuC*8فk\0BǌTCvI\ZY\'dy)W9T2F22CR7Ԓ )ڼr.JZ%EkYHcST}<fTyR\0j^\n`}\n\01AOÌ]\04A$+2\rn`T,4pLCF+=P45IKE$8NZQqHh9gAcMܺQfBUJBG\rD\'@FERqS!ۈ#3{ZHsQSX\Zq68h%eCbO$19I\0v3=\'#i.Y4{^VVg\"P[]\"~O\nyğA@_xlDPڻMTR\nW[W{OKV%z*RB\0,UHUw\\s8CψO\nJ1hexψT\n=Fl$E7ldtU{\rGD ;(Qq_})kA{aH%}1[\"\nQ_\\Oe\0Ap	\\sV%10tJa\0t`ۤ1;+\"	Ҳ˵4]rk\0`+WF+L,G-!	CwYRgDR-E]\\ERB9H88	0@m0\0E[$gkg4t}>Z4OQ`ygVT2$LZgт3CL{`L\r1*; c1](l--Kgj$HK\ZuŠfI%)􌐧!&-&1L:)ם8R1ޣuq!8DGN@\0aVZs\0#-t\08j,E\0}]!)S2>@p`\n/uLfYl6l6nvlNcCrIT4+7/A%	m	MؐfT&Y׭\"ui%:8	t9r PkԜ[l9|8XrdP[ݓB5l3VjfX ֈb0xD\\0tY{}VQfUmVz|\ZYYaӐf2L]&\\j5&éupx@iw\0iM2>\0X|zZ.itz\0\n(p*`\nء<\\0T&w8VS$P`;;Гx@v{^zu\nܦs\np;2^D*S`VȘN͏	⋓8I$+;wʝr\')VbCQޡMIG&bA{\0f\0ߣs:\'%Uߧ^]:\'Z\0WVx@_KU+\'\'Kjזz|V\0ĉ&I]\Z{;u|o\\Ubb/bKP\n:^&>)v1flg{g{ggɪK6+1s[#5e^k:;U@.ߦʧ*l\n[nm?GdbhvJ89l\"Qx\"A\'<_k-hu nuHֺ$MkSlOfIqb?Cʨ=Q6o\\</\nӒ<A=հ܍gT$e#?4Bxl/հBdk8J_kvk\"@Cqr u3nf_i=@vjE+eswP^z\rZUVԫZ+AVh5o,jɢAz([ڭ ^0ڑN*R,UIƚF;\Z䙏ճAUAFAGnDJ+PZ	\rK<\n`HAɣi=M nY6J5Q)Z@j9,Rnr\"\'=gP75QvZZIօ[8z>J~IZ=y>y^\r@Cu{^	DZ<0,ܳгGq?iEQPzWϹAm~8IMPV6yo\\ug} [3\"PgY`g):r!,U[ْ<-=zήzfyaR\0&c^Pt\\9F84D7i]֩Ϙ0/41cc.4TÒlI$Z,`OƎAʖnLx	``8phDo]lcUAn`-EԲre3煍J=P˜L(uQFsڣ,&KluSccy\rXYZRP.3ev{܎pH2܎pl}|%_Ը}[W6͒lic&jTW@Z%\ZO5R\r8X$fAE3CW\Z~$]Alו7hPuWR@o0`\\eJA\0uPtEqoHq䕺|b؇VĒYdMK.i	+}pBwpF)kᢥv/	oT4W+zKTqڛK\Z&#2}Kڟʪd[rZ).Z+Z+ۚNjUZ-T\0K\ZD.w~G[/W&k#ԇm\0JJKZme^19߽9ӆ̦egÆO֯;Fd~ICa8`|	^2~o Y\'`C`kkSF7yv`z[6kVֿnC	NGN\0GqC5jֈCG{ᣇPɡ%bSx.\nHf[H!gCp=\0xt`@IV\r:]9qF/~g2Ez)>c<Wqn/(sb\ZW2<vT!\\aANz\r&6qӓIYԂ #KՏB-Ԇs/F{h<}ƚi63.%~AYOi-Pz7Sqt.;B3- LN\\Ȕa԰\'<ݸ,Z{[l Cgjn{:ƮcCc*i!cfƊĕTe|7؋C\\\rt\rͱ\'[C~\ZYMѓ!dq\"8oelH=LES6\ZO.T[z>GmlX5R=\0 5\Zz#<峳QoaX-aɊ2vW\ZCgĞ ?zi._3?S({_W\'Ň\"XU\\Gѯ7Zٟ\"b&v- XKg^V&g!\noM(srStL0FRem\"bՠ\Zn5<fx1[#G1겞2jI=t):z	fyi*;5-`=r6~g\'Kdz~?DFqxݐoxLs#\'cX0V 6{!\n\Z0VPz?@_a69Fo	)ư\\.ff\0crI܇\'\'s|~%?οBuqڰ	)1so<sxF:rgsф5WAsˋi-u.]3git^1pϧtF?̂\'n{<ӀŖ2v%ns\'݋}a^Bo^<o?!RGMBqaWQm+/Bϧ6.0.2n7kU1ct>S9<܆c6#1̧VX_<\Z$]`(,ƣ|xabLG3WJ\"C5Quz^74~B/l:xxU;M\r[\r#l#@sxcǲ$cI\0ᥞn1=A_/>eObmCt`L=5eI>63/}UJ1gY)=Do\n1\"_݉Y7`\rj(\n:MD3|-=Hq}=rϐ1v*Gi:?7LNA\nŃ/݄+sr[nZE0_G@\r˩B6\Z!FyU!\"56?v7ٹI!zebo5&Cs/4mb\Z¾\nYiظ8`|Ը\rxNxv\r/[\\S+a[;31qc0\\Z뱞&b6wr2}iU,I!u5KfU|ړqV!!#5Mf\"Je0>@\'\Z;ex5#<r]14vdz/0vd̪9٧~!\'A#gڌb\rbgpra<>v7i]4cQkkN<jbeEyh|Y鸒@qazrsY.gzZjÞlK&&X&#~5b4Ii]a_6Dndt(+EVOu^Yh7M5~)4dIhTQ6of;\ZoxX[u~@mQ۔f]ަpƥM]%c٠5AiXX2`J ˨a:3&\rrpRPՈ¦ᶙMaְHY&y*Ԡ765z3ea{_u®`beqFM mg\\z,$*qKݢcT5GeԁM_OW0f[$^9\n^*Z\r\'(]pMvfmײ}ӮkJGwc`:RY?tv0>$~,e:Ke#ˤa3j+SDKQOCbxdY81I棋,l,t(ӄiNhqPΓZuǇp  >5zd(GuxA:ImI|Q\"O{ix]R2y}\'xW޴3l;\\iMK\' ^VZfk6wږ9?Ir@1nrᴆvȓw]I9*H\'\rI8j`V9vtM5+tCn\'G\rOK-srx˜y?5#7+hou(pۄ0h4;|}M¼T?fV{ݜv3U!ǋ7iWL9\'1Djc|f\ZϧbPa=-7G	~w2\';~h0Ge	ڈY$of]`9!~col98q])g9s{9{d\nFF͆eYLxQ6)3rʙ)_Li=3j;\Z_RrW}\ZaHZ:3q.9X>r\"	9[IMv #);=!5\Zm9)+R7lJݖi2^s\'\\opf\\:)ÁRRŦkSRrie,U&4d?p>B;\Z{\'\'fe}i;;;:l=Fõ)ǿf/ٛCMj+dKgZ	\\df&RB\0`pֹ:d(~3MTWyhDɤ\nxeEjAy(C238vwqW7X;-5W/޴}O}Gﶋ.^8k>Kp.ga!+{{wgN_3Hؔymt7;w݉&ozS-o+$\"1IJxxC$FIIYr^on9~Gcsf5{s}\n3QFN\'`%2HEl\\RRf1ϴv3ac>h>b6k*|.K5{UWk%\\j9+\'c㶚|oVhrvb\\Zݹv])smjuԌj&%\0|pqr%%8:Ypm\'>H(㸒rI_Y8aʔ11~E̗ǹlpI=if>PoVL.N\Z\Z3wIn)7\rYLe;57G!B߃\\_֞.v(JKY9gs̩&a2^}:ukʡR?f+o({oc:c)60junOqŗ(v+w	w\'/#SQg5CA+(ʽL&śeF5!\0Έ\n\n\n̃xIRR~>n>zx9o:sfӡ%=5\\)p3ε:SC;MLES2,\\,?J(ecRV/lcJ|UwvbGE֤%:\'3Y=`넆>	Xڕ!f2\\|&|PYu7v9g\rnPc+.gͪxy#-g^|վBj\\Sݺ3RBq+EsyYZY6|aJf	vsTi؃R7X0vB`BmTD+ҪgNg\'<2>77o70vڜ7<gqnۭv{5nhX|A`jPRL_\'l.~jrjdjlxzƏ˚eՃm=69uXg<g`ʥZ]M_weInWX˭Z7ٯ)\ZWmr1e,-p8\rO.Xg%+;$3yzt[s?bgZٳFz]]w~\'{Rjao~ѻ|{ky6)\\uVR:.EK^bN~|̲y3.{}IuީػiF/*vSjKzg%ͅᕔ[]ۻ7;OMsV/z\Zb*qMgO	K,		A¯~^t\Z.bͮ(+5dMp?XCY.5WZFH?M^[+$U3S*)W[;3rH%4/5Ne2&%%Wr0GV~Ս;厈@}L`pmu8DS_tcWk7/%/03#+rR=ycy)<b\rNé24g\rvlye):5uOYX;7Њ<z[\'BR?޿rv\\ם[vmy3{/wܩ`(\'x3e#g	ƞ+KFP<$Yy֭iq34J0MgL,G^=Y28o<rb5m~[\r3j*OL]0uTA}H1~K(KnF*T]HΩXS)E$K/3O\rzy>Z~\n7Ř9WWG*X%\\\\%/\\SɩQ+Gcʺ[nkOƛ3LݎjFh{l>F쑾QnER]w\\EA@\rRǳi`gG\\O\'IBE8OOp\ZF$Դ{ݚզ%q2K\'܄5eYkVun]Rf9?Y\nendstream\nendobj\n30 0 obj\n8539\nendobj\n10 0 obj\n<< /Type /Font /Subtype /TrueType /BaseFont /PCICFQ+TimesNewRomanPSMT /FontDescriptor\n31 0 R /Encoding /MacRomanEncoding /FirstChar 32 /LastChar 227 /Widths [ 250\n0 0 0 0 0 0 0 333 333 500 0 250 333 250 0 500 500 500 500 500 500 500 500\n500 500 278 0 0 0 0 0 0 0 0 0 722 611 0 0 0 0 389 722 0 0 722 722 556 0 667\n556 611 0 722 944 0 722 611 0 0 0 0 0 0 444 500 444 500 444 333 0 500 278\n278 500 278 778 500 500 500 0 333 389 278 500 500 0 0 500 444 0 0 0 0 0 0\n0 0 0 0 0 0 444 0 0 0 0 0 0 444 0 0 0 278 0 0 0 0 0 0 0 0 0 500 0 0 0 0 0\n0 0 0 0 0 0 0 0 0 0 0 0 0 0 0 0 0 0 0 0 0 0 0 0 0 0 0 0 0 0 0 0 0 0 0 0 0\n0 0 0 0 0 0 0 0 0 500 0 444 0 0 0 0 0 0 0 0 0 0 0 0 0 0 0 0 444 ] >>\nendobj\n31 0 obj\n<< /Type /FontDescriptor /FontName /PCICFQ+TimesNewRomanPSMT /Flags 32 /FontBBox\n[-568 -307 2000 1006] /ItalicAngle 0 /Ascent 891 /Descent -216 /CapHeight\n662 /StemV 94 /Leading 42 /XHeight 447 /StemH 36 /AvgWidth 401 /MaxWidth 2000\n/FontFile2 32 0 R >>\nendobj\n32 0 obj\n<< /Length 33 0 R /Length1 39604 /Filter /FlateDecode >>\nstream\nx	|T7~]ξf}&3dd	ܐl	\Z	;\nJPAK!h%ZGjn`>h=wKٗ{9ʞUE`+Cy7!үu->v#D<xٚEt&BnZd4v	2iZp+QXd#sȼ7\rs_jȝJX$ç>ճp>m#Բb)\nV,~>%F\nBdOROG$3IO4+mgV̞cLV#\'?nʡDΈF\nN\nYfr~Oob%d:~$hON9f\ZAJy\0a\\	ŕGYAWCCn?)\"Adsx7Ul\'\'I\"ߪ?Q^yр(%AqD_u fo,uyb%AxpRI\ZWwcNៀ;wN gmpbKMa9>~ƹMSp	琿^:AۻVJBO ?qYk$(BVHH;1>|/\"FҫUJ#n~E_ hn<1u#ES6~2+/Uh}]SS33bu:e:Y:Pgf%ͯV`|3\\Ǽ,Ap<v,߈y,ƨ6%\0~Z۾Nik#]]دѳ܅>DF~>#~~_a*x\\&1o6BZd*v`X2R\n9tTKӫ͚&5S5r~|osxq 7\'U!/UUmeu:1\ZTPRU!UZ%:U]^vnfjut:ެ:Y7U\'%q#?I	9j]| e;)\"R&3	&䚐K೒pp]pTU6YVWR#z2$H2	Fh\n+yX)D\",ce2]\rl1]LSRZssbssˣcSSbSS\rцXCabDjcDpm\'=Y3y\rQXdR	#1s{*G\Zp9s;	Ǔ \\r8;\0?}G9p\"Z|MY9+cD%v1[ )r~߯(Y)Ypljfk\'Y Xp]p~6Y,xsRPajQ͜0`{oV/O24p$C\"\\4uC)Fzs01pvW1~+~\\6|6w{aCwpIa\Z1>?.낆\rQAC2D4/fGꋃQoKD__R\nO(	A\'}HEӤ>W$?$f\'SD%{#+>Wo}RVn_f.C/x]_}IBB՝Ob7N@ː4߸jf/M}\nEl/(.U>O|$KbJh&eQBu_:;WgԷ3}3ط/loؑE_V8@gK(8^:,rH@J(JԻ˂Fg!E6r=x&K\'\rPx\rE{d+\nPcߑ`	*C1WC$J.VJJ*B_Ijڬ6jZV5&ꂁ)9صµ)b*GNƷrѬNlrWfG\'[WvܝLo9ћ6%6eẍw|:/|\ZC{\"\rXKf|u*ɯ\\_GsNk>oVHޚtZ궣\\7(łt-r%˧kۿF\"\\zj$ªWMVzFZFJЉb`5HW!`\0LLOI̤\'Jg>V`,ko;8*\nc}_G⣴\nGI+{]$u\0#u85|k\Z_--іp٭B~\nBY>9o]mtasvA9tp?d~}s-ѹOohjֻ6\rû6ΚػVǻZY]]]OO+jrmvPMƵ7aYp8k9Ƅ]Ȗ.ٞGe\rplߔ55\"NVdDi1a1wȌlKtIW˵_Xb%sV%\\\n\rOk͎bv[>[ߒ;)[U#Mmx\rwWjGx7\'<!-+r bWwEWJWϒ+Wa0+Vd\\uUɦn3/#6(\\48/p\rwងg9|_⺶=%.?]S9z\0Ep|ry>otJhM1o\Z/pJRcf+Ȋ$l$V2oEr%M\"Bt\\LK#)̭2HbT`A5;v\0M&A8+/!N}<<)wA\\JN6T#$F$H!9K++di:SR69\0\ZSf^ x\"y|@&=#r\nRs+=1~+3w43#rIr#=-$;@}y3Ǵ$dy$[jaKn)Cwi+b5%OR\'̝Z=JĈ W7I%r27Vr(7.0r!܏y	Hd<9\rV@Gk><?Z*bO~rV\n	(Fmt\r=\\6py8GӨ7~VC	sχw\rY05x\n2,\'ɍ	+UzӠkZl>mا4G\n_i!|hz9.t~@?T\\/|)[Vsu$y@,+}޽58-\n?px~o	;O\r:|>f]f9ߩc(vo||;\'?akq8W\'a\nY-\0H*%dgi)ׅ#-}d7rA%#\n\ZƘۯmy/C9{W5pMxn1	WǼN>\0XgU|FS)!MvPPɰg_snfn\r#e#݄Q>܃9@c32Rx\ZJj\rR\Ze\n<3̢̥<h/Fowgm}<=]zs<9q)./m.pWY-pBpQW_\nP*zaXMx[p^-qʫVP]ڡ:XuARISޑr0XӯR\n@;}MtfLMѳ|ns_L8AH>qt:	M|p/p1:n=^Iwr?\'!g#\'7qqr[IP-\'bޟo|%;NՃ\ZoIB!w\rqhݤ>@d\0ONX,glywx-igcqNrg|\rĞd-i\Zso܀p?WlKZI\\!s/2-/n=Η+Itp?%ui#w@Gw0x\'Is;Ⱥ\\/]\0\'G [:1\r.\\8M`V7r#\rag\rJZ:Y@:zܧ:,LNBN@o59=PPQ	Ds)zy,Ta0ׂFMM|\\{4aݖJ]\r	wZn/\\%vncߠnޞ@~\r|.<?Ǌ/-{\rrB˚aI^דa&jr`n<\nu\\{&Z$EG{zI@*,o1qrw\"1]n{IQ5UTyYi8QF#P0y=nQ`Z&AjԒJxҥ-l3+ģ&tt.2~#3BoɆX(VM5GM9_S&5I}Yi%\Zʾ\r\rW!~ws==/Sەp\rB-%͡,dǯ^iMeV3u:R%9[rDm\'f=斬;膏]zE[K7n/+ҦyY¸R4)ɪеY|\r\Z:X:3י/.{u[>Z$ۜu=:of1*oٲ)}E7zìvb;ǋ:2-mloҍx!$Mˋ?BYMt\\tɖ:0-Yrp#͝\"Жmpm;X@\\-.)+=h4Y)ϗ)1:^ռR6D\rF7fdј~S.z\\4un1!ߌOY1f|F3vܑUaJ,elI		+1U5elB\0LmKaa[d2lmt9)d%K3XIŒwFǇ@	gMfeI]:?[E[!ZtlolB1o(|CLxVeUQޕ搁16>rml51kkj:`1+]~}?hӳJ\Z\0sBo׆#h wR|s.9Uo̎V[o[;qgo٢Vx-[GCtn;\r[m|ۖ`mfՎOYB\0w0JL6(_;qkk62^e1bXrU{L+^\'+7n\\dIT#)z#D\nҋȳJw/Bn2Q ǣf)o=G܂% kA/Qπ-@Y8Vb֯`eWc}BGG WslGUCdO~]|C`Np3nPzB?xvJ_4:\ni2@6H֖#*U8ҤFdW7[GRouCYc?ؼ_c!\rJ1דsK.~SChndk;5\'u=z=9ӭ\rmmvF]3]=_<užH{eץN?TQ׌a̯2gu%u3z><GB.;p(p/VbÔ*8WhRz\rq%͟_n>WP=i@|^E:l	[bO BY$Ӈ\'qU:9w~Xj\Z#SUT[0\Z3CfLÙ\nϴEqLFU*^pܺnV~~ÞI뇗&/ny\r%~_#C90SCF.,JD/`6\Z-?UA[DTs;n{lݼ벰uu}7;0!)]ڻ-OM\\u䁿wۧo4]U{x?+h=WG<c5jW].#ƂqMҖK\\ewN\Z\nߊ5tشy׃vLxoOӾobbSF\\=V$\nNR&`CA)6v޵W-QnCChr\Z\'&7Nn2%桡sCgHùsCX8%U֬#Ih5յU{JU{10,3\ZA\"$Rv\n2++AQaUFqп	HEaF5y\\$\\6˪[״_X^ǔNy|tqs֛eeyʲǛSeX\Z%+(<(}\\snce%faxA~9M.jڝ:x}k(#VYLh	ΣLsLzqPikFՊ4Pţwk$ITԵ֎[mx_idTASblth/O\Z\'n!2\rpf:v*M͖zml(I[ƉC9\'ss4]9SG*/k\ZP3GCwih8F}l{Im	$%776)8L}?/.*$!Ds3<$[5q6΁nԃAݱc43;?\r\ri<F#ATR{^^ebts`G*<Z`D̡GQ\ZlGZxLhK)Ib;\\ev:*,g~AIwغGWnՖLw@y0S\\\\31re׆u>0g?|tiÏa%0c\\ :]]\\q.n5Dyh8|7(6ՈG_$ZHȍS	M*jz_>Q\Z&R6m0m76	&WHOLn2[7PK|v,Xp5c\Z6Ia[\\hVyb?gt8ZAm}\0]\"*twIKf)pKDYI%frv-U>a~~Ο>p~:RiSv$Sݗ7;$ޭ2nNTA%`/la\0h}Cj*Yo=ts0qwSNwr`lQC!3;ą//O\rT@r$wN͹Ǡ6\nO!sg\03C\rCU~~׼HGw{zbd8sʡ(o7o2_5}j &IʇkUcTRts1sRvo΅SC;oX+sߥ\'=X:o٬*qtǳ<پxώ6Wi3tQ͝g4̔^iԴhZ#\ZZ\\<X~T\rѵ-<VFo$.w\'f2?0/1@wT\rfCq#ve\rY=/-㶗.ʐx>}$kjzn\"9MǙnOGipL@=3=\rg:X3<-OZp,,Ę1y4`B,+GrUz\r\ZۘGJnVt\'6L\n2*\n\reY>eO\Zwl}o}ßn\n=EE=䃗pKKInwV9{\"ZlPv.:ڟhh}\rO3n=BxON8DZMDO.5\nzz|URHZJ5@dHU\ZJ^x<QEN1t/EeWLI%KTrBOf6dRf;PO%ca8<)7ʢ&	hwG-QKV!#{^Vݰgg]Csx_0\rMO	6AܠK/p5ЬRjqoų$W;z*jlJl	B\n{>^r	\"rwBa1`o1C8Kýn3q(a։	fá\'\nP\07+@4⠧\n@3,I]1]%F6\'t+5axYTXn]bG;X),	\n7gxH5/iG7κk./zR:s/RAܑw,=[4jZ/iWpuegbن8tAb ҬhUA쓘JZacSW\'T\"u\'*>4GMGBq\Z*\"\"cNMeSlyH\\%%KN%̶-mmmm]5rEA@@gz0\n?8u8aH[aJ}18%f4Q`w	+Q54Drƨ$4AF^PPQ,*|5@?nu?:鋥C?^:jwSx}Sz~?B\'\r5oS;;]09w\Zg3|ǧmޱ0\"n58\":\r\ro7)\' xNػ+yN\r|iBЇQ[/>&<gYs+A\nQxяLĬ>(h|&PI,On2ux5+ŕa\\PPH4J˥A*89׼:&km\'kc8U%E˫Fzu^OXo|Kճ=gbC/}M!-U8apzbEo3l4>KcHC*:r[hIt]uUۄmbԫru[6A:U\'?1~RIedՑ])6S$(٩*6Q3F\\l&5r\r\'t9U#D_DSM;ev\'tWA,3r<ΐuf LCPca1\nv\\ϣ%H1\"D;t#)$;ka[\"gIYaoS`Z͏w٧~l_63_^6s\rI^hQoMEw_ܾwϼx_K|Qb_-[?WO^\Z=<vքuAW`\'L8IU7} HX\"׫jndXc1U}\rgOۊ1j.r| &I<FMef58gSg:ta 5*\ZبX.-ŧbTˠOeq-u\'πgX(FEekWPm1_<\Z\Z&5b!]\0^D&JJbdQ*EBP/e_!,ϋagn?~%:new7)/ƭnwkn;zs?i_89 oX\\ݽL$=ICnm//(I\0^)!\"ooiB.tKSXgoyM(/(S9%8ܮw0kWWl2=led<wZ`:`h4pLվ)V_Uց(c6ԀEiWq|4Tl |V	D7*%Sa	T*A$?Ov0isL	}n&L[3枉mь<uӞJ2,k8$@XkjfWtY%/yxo6V+b+eB-/rޙa~Ɨlf\rrbߍGϺ_HQtw\r\r^UMM)zH,MjM:l45^Ħ2r0U^gr4j4UdO(R&~՚\")$OUZ]4,K2WiSk`\ZbVʬYY*s$V,UY,USG&l2)ke\0<qzM`+57T]?KґpD0h`E39Js\0EL۟EժXh^9cW?XۘXut:rz\n^UX(rCGW\'EPj1YwHĆ[:+`EyLα)8L1<ju˅#p<*] pSh\0=N4~@߇v@!#XD\rh4iަޥ>Osj^ͱ_B;iS,z՗0rYYHGQdjoi:Hd:a;6n)P}:Gx}ϸiqWS+YޔAJŢX\"vڇ_,vt~bs\Z^zse偛/en kj3\'*[r3\\/Y=,Ukz^J7r+T짻?T렄\'jXG4\r)ȏ? 6itn]pU8yjIn|;͎{F-\';0|\nCϴg4Utt0`՚~.2Ef;9cE.Rqoј\"aQnPWΨWz]H*M#xzESGAoQ8:;4\"b4\0\r7$ސjB\rՍbK4Vu`\\\"I.q#gK$91cKꊋ\\NJ%q1N	\"8a5,K4eRIA\0&+\"Jf@\n-/z&s!y1@LĠ\rJa	PG\ns6M$d@.5Bmo%(DO{`IU5ƕ5	I&jk]C6TSGlЁ}A,5x?<Gi^t-N-䉋jGf-nl5åʖ)z)==2h47<U\Ztc%A	K&;sgM7\\jp/[qY]1ϵ-g4(9\"ܺJ()58js+d\raljÑp\r,ϫ	G^O8jZ(E5OȦP)i(\ZcNXBY6fL!H鱈4w3JgPLCީbVЈj3C%Z#\\=H\\X<@O\ZP3P(3F,	m-\'cB&Y:Z0|ZQvzD%\\no[>>}	J;C.}_6Y3VS;;cC^.nN/d8o\06BGtazQ\ni._ljgSxVo|Jz8Usq7bա?4#\'>o劇{gϚ\ZiSԆ	U̇4/\"?P~og`9&yw*NO<q[ܨA*b1PF<^F[hG\r1.Q(G\'0	\r÷ܰqw:z7~qP?Ei#zs	I tS[W*_Z][*\'q=_x,o|.Tx&)\ZH.\\cB=b_=o}?(z?i\'G	1U#4Q{8J!:jd/n	=fO#{<gb9[夜rnW`r**8*FLFeL؍;aƟ췎ؽ8_	!8m9@`>FxbKċ*ZW.1o\nwg8}l\0D@h0HS!ɼE ێ#a0\nƆ\'ѧ|˪^+է8IEOc͕%M}zTUXltp%Z>}xVxoCj	V>A9N+t1S&mSZ7_VO,|s\nqc.̭B7v^AeB*t;G\nЧ/{?\\6YX݊kS5Q{k\nGH,%FC^_8*sG8BTRG0lJ]Q~_\0W6U&~g2\ZLaP_[\r)5$| M	sZ*v՞k\nDyP+8\nDٕLQ5s*LB}{(Г-T(VAdd=$|f<<sAU]LF,vY4UE+#U$ZUVQrot3=2n)Hd[\0>Fas&m65+Jt$0erc	 (.!`\'(@ig\'om{ruunY~Oknϭ(^mlxvw[7U\"Jzs\n\"hn>Pk&NK,:XxDZxxUA4:anaq+Ju7m2l2nڔ+2[\rUjC_IW&`qqYX7iw:p		%u3\r3g&A\ZU\ZotttO{UWW_]suQF^+Q]nLqc\\Cڑz875xuG{q{M9\\[eC#8_,HޘԗF	\Ze`&\n4~*\"ՔQٜp\'qrr[MfvZ\n]xs@o#Py\ZV(s<Lnлs쐵g\'R\Z<3<s`t$f:qEQ[lTSEMIi$e*ӗ&@&cqI\nNFOa&;<_Ȱ<?ɸfI+G+z˔ҦL#--\'\04\0Y<x-U.EEiIoڱ%w&~ֿ8:#/b;hN>ekF;=a-(qrk6\\1u⑓\Z!?gW.*\rh]e;3A[D*4rpKRni@\n7wyO{%@pDðgTrEf:<\r6\rMil@Qk<QPFsL~4$`	cG9{hA%0GI\0VW:ә1IA(b<+5D],BbA2o`f5P(G<e	:[pSC/39IR,N~ezaݨ.h[v5U+Y嬇&U;1ӀC\Z0?<or	\"I5X3\r\'i\"$`SZyA*RHUM5KP-o0y\'Ru(Q <zVzC|Tnn}ı=,^k_\\)َYΩᅪk%*]}\Zc]SK<i*1FǓF1*=Z8\"1:<FTꠑI\r_{	<HHɨF3\r6\n%	T,R1̄%hy%5Cvlwuv>՞!{^}H(`xsnh:KaY]J$9\"+oLRT5ZNekF`9V2`?bh6AS&9\0ՎU	\'X?bNqZ#`Bx(6,r%׌.UJ9U\"1Cb.FXLS^Xy݅x2r1܇z@`a.X\0}L58&tVN&)35\0+PtksO*h$6HV˖y 5{Y\\1\"$MЦyFR]B%<ޒDQE*N_jZuUmR]ۦo󴥧W\\Z --,.Z-VVkoݬswЪF.ߝ;ӛ+}]ÞOU?yNgYsgRRyP/u_&-I-L/جF{o(JK4|frpB5%{gHS:B-ȫϑ*+2OciOY3뵪%~3EV{b_xRϧh>@@\rr/y\nD؛-^kQ\0ʰLhof iCrAZ-:]ċ^h!×Ցt\njTJ/]dZH@ ǐ4cvT`\Z}uJ ފ9]JT\nu?ky{tǸ-dT	=n\0w]~c]<tNaNCQ%<vʫ켯#)+܀d6֫@7KxL4c +\0BixAUא۩6Vvّ8퀞@ْ\"fÞodhf\\ 9|G[חZ]5KDܻseT\\;8^}bH;Cʸ`UCu.0>]vBUv5UYr!:4OuP\Z5iysM|MV\"[t`!mPzjZE|i	aR0+OS9}mfS+T+%]^ګ]=[қU$4ӯJ66I<8/3x$r/ɳL:P)<°d(TwRZ.1h0V鸨G$bĴX>rL=ϲ4CElPQH.ZU[H*\Zvw wPqz.L*6̊:$a$@J@T렶V::M[E.a^a8湘K0F\Z4GQYpeQ_ҡAơ5.5 5RS.^g\Z\Z]Qm,VZZxp+}r_)0H\"0\'4B6(ϳyGFI;͆5GMG͚˵yRm#unzmϒg{ar\\;`(0}\"ϫ,9D4AYa,1,Wł84\nѨWv\'ekM6Ke9VۚRвC1	 \Z1B	BΊQ7$#䇈Ka/(D#ā\Z,Nl#6rk,hesq8kjTZNG&&%<C\r2TٽRyL1mˍ=~ZUVb0\"d;*nUFRB	&,PH&U$ erV	|\\ԥ五\Z.s, ՗\n0:o8MrJ\rN-Be%Lj~筊t2镗|[8Zj\r3\r{5G5i]OWA֨VGA&U-:a_5J!H[ukZG5Mdnnv:tm.0T*S}yqY z\rd	]i]Ԉc$Sχ`^cǽ/2S\\s\\]|ʵŹþ8]/s.fnZVyAW>XF:cʠWWc/`T3^M/;FĂ ƸY\\.AX/TBtGoY2㑦M7$I,i!ˌK:>+t7aBIKI&Sy,ko؂\\Z3mF׎`Uä>p\Z]]G6S࣑1#!ZS>jS*B0,`a?\"/ݶ+#Il\n|) XpĘ·qSNq`HсWeFiZZ\Zt1+Q_ʅȈ3<)2q>nϫ&o[]zwa%sn5\\*Kew|Ϫuz{}ע:P晣\'~}uM7,ܼ()+.88.qH6vԻK;3`uxI\n/;`\0w`,K9qr#rCJsDV_w9\Zc-\n#݊%*e.9h16-9\r6y\Zڱ6m@㰪\ZQpqzp(T{e\0zdF#Lj]cӧTGT1d\rW;M>tDEF[]A ~5]:^ȋqUכqenze\r07B4ɀ|}3Jkt3ѓ7i83ʽEpxh]>v>5RA!nG*/LpJ\n\0}W&ԘyTsCc6>r/غoꞙWb3W}{jjGs1GCC@=>@/-s 1FwAŌ)9GIp3y(\n(;tx=*H+JʪI0K|4hKm6X\\-!kS#Q3\n257\'vXmlw=\rUh?~iuu\'ӾQde\Z\ZꍞJ}WCpA ve8\r96C0چvϳANφ\rEPҾi$|<@m#ut~ӧ̸+N\\v%\r\rs+<yCq	ggU*sHQ޼\"3=CJ&a/\rβudiW۱7Fb&8s\Z.&C@4/3~uN2\\ \n`Y$p?)m}LM?(ѱ..UM>#:>5n,W=5ikxJ*VR\Z6;a<\0Bzh!6r_PVw3B?hel5Fn@o!2pc11\0\'xJ+ZYS_NuFPpC`#jFH0sBbqU\\jo%-9:l0o5a1y4%˫;Su7u 5To#)G=9C|PO\"PjRLᙒ)i0u6ɅB$>hׁ\nԇ	-.\r\"BIGj[\Z5EF_ߌaPjWf-XJKK.Hta=V{qOUaj>\r#eh0hV#1MzIA]C$)KH-K$f-\0WVu\n%B7U0c;h)G`{w҃њ)ZLaL7|\\U??rUvU_r襗==Q,7])K~{hf>\r6ϯz7	NiieBC@\rGOnP,\"[~H.6PZaSqY;+\"o>vPz~eva\Z8oe,dcޞppinX(\'<!	<{Oc;1໠ w(`Ͼ5-mTgsf=fH4dKd/ٖ1q11\'1`l RqR(oK׶@ov>~]B!KҔeo6Ro)\\.PvSnXn{u23gF|,`b`QG&\']^qDME\'ia:xLjzԴZ \rxhyՆGD\"竇oV4)d]#fG65޶Wv]},sR?mv:gF9a{>*JN\'6\r5ZԅQko`v v</+eI98jGQ(L-A#\'\0M2/q(S<\nL]Kh#G8)a3\'~ଃu8b0/9$`D<ce7d]kxǼUW:e^\'ޥwUrUCs	0|~,:(nеwk<XPF?Pl6h]8AF`\\hy0p OnZ87o5\\ߜ|:k!w5W`4RNMLLlf\n9.!sc=՞\n?KZU-#미)2ïl>)Xѻ[ڹj7HPs:sc~_]-\rē2Ivd[ԥ,~o?|0) #\n!@/7GHlYQ xm٨2Wxpȷ~k,apEH ʖ+?U\ZF봻,Ҿ\'M/_ow6𩩶L:>&%$MI_%c0~;\n~aUav`9ڊjxW|eXˁs94d.|i=s^ġz\\ڼZ[M7Bdatm&_M1\"#$\r-ߒ[[B-|fO\revT(r oM(b_ijYeB\\z@O2ҽ!j-MoI2\\f#[;7\'Ϋ|c@k5h0ZOɜh֣<t	9p	m%LцtO5Hϑn9J[xh>Q42:A`<WLyL9=Un/V{/QBHc8>з@oE1ҵGz.8-PĈܗu=~JU>s=8)җ9˜eNrâ\Z6fi9LiNp\Z(^ƻs4Պ+|PHFhӐOJ:?o߿_*Xtm2!mhIuC&]HF9S͕{PÅSe-ulyF\"[yhir}}}2>.og|~>hapqr\Zh7:A0dE0 քj̞nаH)<#7]H:6q(zu#m#/6B3c;>o&F}e蒥HG6jkdQ%Uoo[Vozfsylo/l7]ZNet|D;Kh\',QXݓCҁ\'˜8;\Z?>DtO{\nߋzrw;m:=i)ݼ}x\Zn1F[-\0{6`](\":;<:i>ܸF5͆\r2)tQj|=@D=	Y-5l;?l>ANetv&;}({\"kճcYѠYyWW_Kz/A	lh~t6\'#nã>Tsp$*-e*]v{4O6jkqxK{zl,ʦ398Fd=tTMq\0fZ#G£MY)^tHwiumpmZp}ժriOƚ^G?hk5rl8%]S3]Q_YjHϻlRN$DhFOeM<В4ⴊƿqZEyI[!Gc8/?8V:V-\Zo0OCG8iHoz)\03cŹW_M<TX-J*-J1G>69۴^pۑ츲2O+T.F\"1|_jMMt茪j%]/;hfA?ViK̯zsʑFOC|\Z\Z2=*mގFe\0Qk\njSҫ$ZTKzpCSO{	-T&2Ӥ\Zt/XQy>;,-P>s[qE]}ozn&okIӜ*^c\\k|>>7B9t9P(i{skxPl\\a(s_=4L=!YOu\'UKYZe3\\oC[h=/Ѫ36 Cma?\\yن/T<^l(K	-@54&4K~T\'Z&m*O;?+Ϲ*?=*5R|Sk՝E)qqo!FHC5nQTEoqS!u]^[26MyMj][zdkVSTjxbs\'N(IoʶE\ZsBwa)D2E4|^H*P2S%9W;\r%KnUwqvÍ4k\\AhrvQE ҐcW&D@RVkEgR&M%U\"wz*3QOA7`by+r\0DEVը-cS#KAѴpϺnv[q/4G0BT![ex[l<RlG_A0]q.Sw#x5J*,e5-dbG&s@}C!L219bO޽\\DL&x{*/+3`E_M1`ٴx##b]&YS8Tn@ǂyM\n\ZyN|\0\rnGwuoyysGV[Y_\ZG5KPޝynv?5],\"щ(f}H|q_f*%\n8M}4O\\\nmް9`glR|500U(4q/#>>	dǠ_,v!fP!NJ\0גA.kÈ\rƅݔA̋LF5/O+Oy|.9|顥1PacfD\"B<BҾ\\f9 [de=6?\r-Xugl=s?>ᶺR[L}hECkMT&znrߪ\rcT41?\roOp=D2\\K 6!El\0m~ڐ\"	nmNp_GU&\0L~Ư-B߸*vY\rs/bi5k~ÜP9oBښ8i84L;\rhрN2fS^1DD}*I?kpdo_0>xiNs9|^7ϡw>X<F\r<|](ΣJuPk/7h8<s|*l팶\\\0>Xj$\ZD²@#kȶ\rR[w!cNV[ε>N>*\"7|[o\rMx_sI~oP@׾oك=uӦ퍎!n*Oxn;S\0wz|]XŢZ4\Z%_?&FSo,<0dms?7Z/$w6hM\r;B2`XHf9.$נǎF/L8\n}Fw[чi)ef׮AJDulG\'ѶMѱQqvtnTFQqP03:}xd֞a.64R!dr7#ֹb(`ر{x*،OK5NJ4{[ζف@F$L/\rY½Wv{Y.ʀ=\Zl7oBWݷqt#S_LGdK<z&Q\rwnvsc}p+ܜEJkێ6nz~DgFuXȭ~HHꡋzl|p]Ҳ>u9YswסQ&5%98?pp~sZ#3\nP)lyh?Q\"Q޵W\n2\ZhL?\Z2 4YP+[f]@ 1f8J+hJ;Tx\r x0sᳳ}ƥ0Jz5N7i_Rm9s\rG9|S[A\'	!Ly.oC\njO]?mM9;c;4SZ-jTgj_=ZW46,T#\\H*PHf74;\nIL̘\\pGsvu7d\0#};@˼\'oBw\"ۖ*L2[+/HBAEv4q\':|atjҢI&r7i2)H7z\r>6rQ/\Z8a`-ã7~奎\\	[?q7oKilf7޾zb2@O[]u1\0L34A\rMC$ahf\0@H\rwؙ ~btph*f	rakB\'@M%vx0\"E\"X\r\nc\"NW2[\\ܫ!SпD#;Ə-EAvciˌeβbEŅ<L7ߑc1l=N$eY1$!-$WmgԦBSPzC}#~*Rzy),GeIE[O	Btv:K\\]Ь5j\'h\rT8Av|M749f9T_-	33$χY9BQ sdô;O䖫nі5yW=?;po{iP }jbs\n%F\0̣MХBaPo}h.\Z\r.~]Lo*q.,p.,0P\'8,hB ^+[	Ի!v{\0r6.˃;N#{\'&+oyq3.C\'\\(7ADwȃ2Ջս>%6X\Z\ZXJr컹QǗo8tn蹶bCU(WKo%_K2ND\0.-Ls8-˒.r^\\\0gӌ`U&ʚ B`31s+D]6\n\0E땪hiuvT]:x0vU	7 ]0JdĄ\"MBsvNH\0np04eh5&Ek]o/owEj֗L2zXy%JV>ve~	)7.NRqW򉎨wO;3{cyQz<{A6NɶTė*D.b\rl[BxMq)\rl6L!\nߐ-\0͹=9)G-rVn5EptA jÝrrq;ÇkSgkn*PGS>>(\n\r%[C4;-vM\"NnMFoRq\nۡOB!r\n	>S:tQUZ,$ȑ8wm\'A<S⁁ݐ`o!fU{B>M[wm}zm!#9weYT,$=*zWoAf\\sĤ^vzU|iiKK7ͨ\'GR/9n4N/sIA;rJ/ZVv-jTcmv$\"ɒ-zM<a$UK,&	FyEYߝvtNVnFokZEkK}$v$@5k zmWKMG	x.ũasynhIx&#TzD:gI+~pJ@wGZT?v@3ݳ60Ӎ{\"HH2ǲ/^y-F*M>~{i\'fC9۴}_(KNI.=G	/_~PtYɗ66wOuTt_^krII1RaV< <\"1MjOƓT1~ԞD$f4޹,J/I/B։$-QWp^#?c_JRpPTv<5\\L+P4c<Iґ$t1BK	:&V)&^LU{Ty2x\\T-ܩHs|ɝG:>X֝o)_HfO`\n&td`[(_yS\0RzvCg4z3o\\fMŧX\0=*JPgVs5k\"&D= נ~.\\+cSO\rQQjȫ&jY\0I7\ZYP΅Y^SI1\'0nJMR=NpIg`dM?n(^#7i`U֧b\0rDPĹt덗٪>\'ot(Ixm୽>?lhk\'[{}V_:7P۶wq{a-	-8rs3\n0k7\\1-h*\Z\'LpK() *c81.Vix^\\I8\"\"\r9>s0l8]dQ0.gqmWY\ng&KA+n`tNCÌ3QCKG\'\'T\')C@{pš>lo͞)wQ؋h.*CQ-&11)Ѹ[9n6wn:I$(:S!<˕~@.gX\0Š=(f?8\Zx9`L7}cǳP\\;IyCKR2&P*&yݾnBTim8v;^efG>HO,B+ߟ_J\",%\"v4*062omlm_5#zs1J*4L.hͥ{D`,c@w\"fGI7pgQ&SB\nzYSȇ!9\'*ǠKd1ѪsmA[q崇(m5w3r,`9	\"I*ˑEϑ|؟R:\Zs6}ޜle96lO:FtWKWq$zE^%\\ibBԻa\ncab𲍡Z8DD7D	\'?\n\rE,=v\ZdMI5	/&]fӄ,JCė%{5ݠNrU\n S9o߶ztWo*^v96s\'ewY҃cDy}(\nh8hTg!SmAr0D1<zkJ^ʨ;t6q+]tFD[\rγX<󟧥*/.noG/PUQo,T\rjX,}?5=6Vz爼:Z[\Z{ >5ᫎ/;}	!Pq[o#!睌ht_;e`.r21>_\Zԣ4߆޻mGw5;=r[-?&ޣI}uQ1\r&B\\O\n~ٗD/bմ38e!_-d?&\\C<M(elowz\ZC\'?F	۝\r1J\'O89_\\Cj3E^<zX5>\"[FѓEƜ։\"ǘo5E(D?8雵Dudy8,eRxِ5HZ/+k ۑW5c7\nE.j*3MoO)_V=QשZZ,wߖ@oqH\'[N{ympS5AWxySfoviv(`G¿\"Y/g($>.%\0UmBPnA&f	&	\'QxLg~q\'QvKVᨣ`7*}gb7ֻli;4GYZY.||nr,߬>~SiWyb[p痶hX,ɌSF$^jxCb69J\"\'bi9-4wd\Zd\0U2҃`J;>$ Όun\"SNy;HwMX4TKZw(E-|,v0kw>hNÍ\ndobvoAodL9K?K\n8f_ZE֒:\'z>pS_GkǕFADnu;]l4zw}lVVN̋yb_3*~%j{_#;&lWB(K-(/Y*3)kulƬӰ;ܶ])e\'Ɠe[a\r]xGUCIRFzPN,(O,M\"Dވbl[xdJFIby<Vy:00ǌG*f` eTB)m-\"qFORe\Z	0ila#Fbߗr!a=!xO5̸݃bZ6L;YAj>ZTH:|jrj!j~(gUG2\"L$(\0.hTَ}^?{ي@ܒI켫7FTJmZkCg3%*)bjjo\0Pai8^W7A&0\\\'t#GQ0()f!$,ԟcJC敞@p1\'~$_9Șv]U\\j`qjwj)6\n;{0@DX̑UjCbAAjl|Ni e1飢fAj_bCFǯ a[	W[?XG6z8oE{!c<Z+ʲv,_#xPEQ%~^1nUTQF h%7;||(3\\$\0b\n АJ|!+ޔw+yi20;\\9̮4Mc#C\"_l!`쐮ሚq{fa0ӮApپIvz<%\r}KJܮRphzMc0*:V_?㛭lzbWG-JY>a_<Syb{C^p՚G(iG;zȺ́*;ڙҞBI\n	<	`utRF&c代spx0*L<·aj+?tpmh߹î6*##\\{WH[m\0cEcmWSp,v/(xKaA Ǆ)a:4[̸	8$amSs\ZfQQT	(BDLpsC\0{>GǢ4Q`Xx,؆LeЈ7aY\r|Ps瀱9@DB^sѿo^3@ۡ6l Jx\Zs_ߩldL45?m=m<hTvGFj\09ZX#	녍&aT8yca\\*l%(u5p@8(@H]П\rAalUk/^xuW~+o`u}pl腂\0p\nendstream\nendobj\n33 0 obj\n28951\nendobj\n11 0 obj\n<< /Type /Font /Subtype /TrueType /BaseFont /RXNFMN+TimesNewRomanPSMT /FontDescriptor\n34 0 R /ToUnicode 35 0 R /FirstChar 33 /LastChar 39 /Widths [ 444 333 444\n500 444 389 500 ] >>\nendobj\n35 0 obj\n<< /Length 36 0 R /Filter /FlateDecode >>\nstream\nx]j >%v7D([r1搷nw7cuj[Tq&Λ˼F0<5ӕJMO}`mI8 %>Ȳ[4auJ[C	}Δ{k?!Tźo\r];JDqgK5ޏ$Jϊ7Z0Z(ŅuMHEI[@H<8mI$}3˻\riβᲂ<x0<J+\nendstream\nendobj\n36 0 obj\n271\nendobj\n34 0 obj\n<< /Type /FontDescriptor /FontName /RXNFMN+TimesNewRomanPSMT /Flags 4 /FontBBox\n[-568 -307 2000 1006] /ItalicAngle 0 /Ascent 891 /Descent -216 /CapHeight\n662 /StemV 94 /Leading 42 /XHeight 447 /StemH 36 /AvgWidth 401 /MaxWidth 2000\n/FontFile2 37 0 R >>\nendobj\n37 0 obj\n<< /Length 38 0 R /Length1 14292 /Filter /FlateDecode >>\nstream\nx{|T3̙I&$3gr2$3!!	Hx$|$T|UJ,EJT[Q+Z&ࣦ~~U^lִԢ_3{N^kkk3ܷeI#D Zצ?\n۬>Bo_ٳ~S*id57^EuM9J\r6z̿k߇x\' \\۹i0GD{7QRuSi!-ݛ(k7uQb\'G\\SRM~H ?	qΗ3՟&$?>oo	3Pl dS-q΅u>5n4HIHdȠj\0=\0)9.?PG8QXT~3g$LH89%Ν\"fJ%\'k-{\0&\'$Rڐ@o$@	8Mx{4|9_^$kb/&lrT$3 Oqڝ夶_c2@$#d`7 @$@)`	O ~w ,tvDcH£U$eo7.n?CGH?8S9S{D)|/ҳq7Nآ<		@\0\0=` FRV\Z]rԸ)1k[AUY}ҭDD/9DynFfJЏ1aP\0ƽ\'\06!>8AU\0mhL+yZC	Wzsw3[\"^9jOaϻNϻnԜS׍rS]\0F2*\0QJM&6aM94cK(!PhUY̬͊RM-T4OgW\0i+qU\r\'gb(3hfC0`23CFaX٪Xˬ*t_va\rIʀ@#]\0c61lW  $ɀOK9ρ|:@*A9̀@s\r9g8׎섡;A fC̆\rNsPF\0v\n^@88O/\"Q\\CrP{a~[uvKBK\nkԚPMa~T-\rj (w/<𹅯.v/ܶPԍ&\"e:q|8W9j/aѝvÀ\0j\0\0D`O 	>A\0J<y<} IPk|l%`r\0u?SA==𔞾!Ͽ|bn5a\0Ph\0$\n*^3\0p \nV\'>m;@23۸&Vfi}TÝzX}-}g-ZأAZk;Tk[Rk+,$6CpFm~mr9X6V{phր۪*`(d sЯ<r;i)G}4Q]cDG4\rD<;/oiD@ߧ\0g?LiD-<QxI^~^p5hDF}<iޝ+hw\"*Q]u$]$ĸ$ZA|^pC\"Kh]BR>CUҬ7Hz\'sCT]lұ:tm$OǦzj1\nygԑx gп=4q |Wc4t$k/exts1FF0qeH`t}	UWTWWWOn> n	,>hQj4Yվ@ɳ襣Ǹ(e@1Z,PuQVV=f#ݢEk\Z/1VK1טc0LnJ3YL&$2ƒw2f٦Dib&OX4j\"M+ƫ\"McHSo-#يX6FɊ1I۳㮺wds|;Z[iS|4Q/G?,KW%ud^Wqq\ZCO쨏|x$Ayr4-o?\Z/D2)>oryQ˺ꏲZ[қXo2Nood#l$g#ytT϶P\rjP?gz^3A}33A{y]!||٠_,P^#L#ڋ\"hm\n!HJg죴GIPT<Ђ<̄<_Ⱥ5wv5S:Ԇu6xked;ą5]8\\G]W_+#zawqvZ?B\ZVtiZgY:𶺦b[ux[&~jm==մl.mjn1u@GՂБl)%AϷ	-k5΍\0|ݔԖrV\'gّbyuI0)KFSK\"Ӱ_f[Dn h˛KWī\rqY2ԵhsկVmջVK[\"\\ޫy=;o[ἃyθV=<anB[ L?A#Ts-<o3/!\0PX -Dr+»?D(il-ƣ#(5ye\n/_\rS~RMS_\r\0I(!3ZIb\"yL# (28ËCh\0!ϋ\rz8X\098]e|p\Z9jN^<%#S@HCI>9C8,pu2JrF2FS(E\0vdQ%oI©G]Ka-y,<EqPG(F\"Dv\'I)LO4?9B8o#1*Rߒ5z3#|KWKa:m(i>4\'O&?\"?^5;\r\'8&IB\n7b	7[4Nd897OYR0B;ȃ7iV:MD\0$e\'Gt:e?daY	n폒qsaT6YH%@asq!Z͢_,=\\K~@N@0bomUG@|Yd)YMuz#UMҙ]2/A{f)A^:^̢21}X[埄8SQS&?CKV\roaB% /R7-%(91{\'lvLA=CZ0aJ3!C?@!vH\n3Za*&~%ZoKJc䵓I6%8IQRI?WB|=x2HE#ϑ]	f dވ7A;ӟ_s<l&auga\'c!G{\0\nzVZR9.B|\Z+&o=$M=?(yYF\"%d\Z$)B}xB~)eT{\nmbj<\ZEt)ޕxWx;\Z6:@JMз\'\'Sx_\'OS%f9¬:6-agx{X3eGBzOׄKj2qxM) 5H\rنJJU\r\rf7_3&M!XØ/Rë_o`\'.<BĈ\n\ZN?+AoAapuB#M/c<! U$IY+i]$`S+[q;2m5,-=@OJE<I^5vRlĸD=F=\Z1]b\0,y\'>MߥcY\Zf+l\n-ǅ }MV.#-`nΰ3{N$7QAw.<Z=,\0k[ZN<^p-)킞=(D2RFd6x[wpGt6R#7\'ZEFJ2m~`?`_o!S+ks\0Z҆]oEL>\0-\\=h߇²=(F!܋?O4!/SFB9X|X{WG-Ğ\"٘a%oM\"ㄻ<(uIvH2)\"VƾHa?t|6Qzȟϑ&`;k\'_-k!n^,Dq/l$(`:I&IlH^o`{_%^ oɤH\\\Z&DrV3՗̎ͪ9|zY鴒h0\\WJz23]NaY-f CtuW;Ư+\\\'X_˩!SK.椲RMKJď׫]jE:=6 \n(\r\rJv(\r66tԗDR֭DɈ\n\n*Ь9T\'XVFL6t1S^EQj\\o^PD㴮K]\'kYHLP7(\r٥DoɚHZum-qu4ĝ[Ϻ(*la3P|lvڊ:,1؈o<5[momh\'ާTRǟPUJܬU7^Ձ\rɲ	O;<E|\r5V[;sF2G:$:\";S:bwLi0)N9մR.z)\rqK$-*4fY~<k1溎Ay6etƥ*̿:S:R!3\\K.*Zܔ#xq1Wcf23J׍#+@8=fmgR~0ȧwטF Xڒ+dMvh8eq䜁;T!ᄸ㦂93a8?ץM&)mZXES1q17.UzpCPڰc>\Zd׵pezUW_GZx]bȠ1	\nP1.wO`pjy\n%R:T#SJ1~_/mPhZĚV|78ب*cɁ5\"Ge+5cɧveooEW6PrF推#\ZmꖣRn[ђ`umVLɫ<$3)7hpi,dK֊p\"\0iH+B\'{\0՜Ӧx\n(B7OWm8]7\\BV}L[-^\r4GZQ\\dd4^Mz04j6D	baJ&\nȟW^,^tԀ!^t!4G$a&/ 	&0>v|4Yf+\rim6!	 VsǒJ`+At1\Z&\"ccǦeTK*Zgke[%ria%%Ǹ^N\Z CٿPN(\n^e9j#:O_Π!a;9RR-pr\nR3ѩg`l@ y*ArɘШA2J95ǃ\'g\'BflDLd8fb5J .I۝Je8f\Zfq;E<}Xoi3dCkd˫;ʾ.h=vo`k&&zm}]#}n,srss)imM/5kNmHF=l,#1IcCc\nЈn/5<6Tg3@\njȬ(Y%,y>ЎN^wZUuo,}pUA\r\'ߤ݋\nJ<unDBqArSUhp4ud.U0`}M	t\"?fFbټN\Ző|C/\'.ӭV}EMw#ǹb5=f\\\rP\"բ7˲a8`gw?2kcɳZfX𣟜Do[ {&O~.ϻȸN?qkkBO=mґ yX SˉT\0_P<:ZXX\'//Vm[үlZ7\nflJܗ\Zv\r;?f<_co9ޖϲciW3FL0?5d\'3͍lyI`[a^S޽GTYK鄑	#嘏-cV1ey]1W{{}-ٿ)fǉtb|/Ϧ\\2cLڝ-swy6#cDLC&Vfm:idfBOLq)|ByNW*kf@]g%1c,u&}9FzﭖϷMFd,ʌ9cmu-n7mkps{\rYHok9d ^K!}XGYXVLh=Qjd(;NbT̒f7ܲ7U1fWS-ڳ5ݐ<*kjzֱ\roӵkw^pt?y~}T]3.ye2vO[Ɨݒ?K\rד=\nX!|{iS;\riigq>q6hN2\ryEH=YT<ާc-~ٗBIå`Қw&|9#2\"\rE.,wWWmffF$׫S+OfB	¦\'9/(.J-_\0\'5Ǐռ{mG9+whLshԊi{1\r=<g?;j8b-vf(2=fji4UdY\rT3Pô\0n3?(t@RQd%cWH\"aPhsf(ȟME\"о^y6̬pgp?s1o_r%e鶹s&#y^dS}u]4<!K3eL}#Ǒ=utrJ_ThV+[ɨ?l)A|<grwL7HF^#Q)TJ)-6z.?υ]\0vu͕*r4rk<LkĊSx]MZĤPO7?R.᧚kQQ39i\n8\n+um99Ǹǎ&;V#sP\\uQo\\4k,Zhy2ZV/ɗ,FKbecBS+aVWM-zmn쁜%0`N3X{Q5\\oQvty~n|+b+..hw쏪+>>I+2Mgh):h$A6F}>|T)\0>əy.Wj$?}L+-׋/;ZFf)XR׫Y{r1:S}i5Eô#J,O(Hʚcq,;[n\'۱RD45r|ZpbBrb~fW|5fOطZ=D,<6*OH:(MS̶Ji^VwSXPdpsȔ%!B)&;r\n4ϝ_mpTlX~6\reͻW.Ikkmr{~-?V?ƿiB3zcT\0~xi^Kl\Z:ciUcWx\0{Fi@p,T]T]p	W,x3Ál Ў-\nh.ڱ!AH/WJ\\n]a.0Pfwpj\r2%~nYqMНesXӰs򽒒9sQSv	\'uUJfM{wKc\rW͎/a1-/ʦlXfXTcԪ(|KtOk܆)>=ϕƒwB|S]Oa{\'d*v!7j;lF9^3Q^#O|G+2n;*cLTceTVj\Z] U|ذ\r+}fpCsL\'+(Sf.ɉ\'9\n.qXn55qY2s\ZAS|%b*0[H>Sjp?VMaZkk(4Ft	`<-V\ZĽz͎*hWHسZ\\Cl\0~&CtxtCzG۾m`t.vqO\"s/l97D\\uY?n93VeI;qFa\r@>nnXͩOk[k\"b=_T{z\0[[MChWt4mQ8-gyS:a6GrCs]}~ĩNN2d,r#;oMqs/M~sf8Mn2zoÑQAHe~=lvM/˸{d\'A3ė<3bq՚0.k=\"^9-s[f6K.gd\n|_Ad隑=ϵ{+{CӍ6gi齏gwOirj6\"hqto?Deq]&[2!\ZM9)E	>/.Mj;1Cp\ZuTfecԤeГ3a\"X֘͂y+ծFp(ԡOњ(z+*|Y|o϶s\r?$5ΟÔڎ-y\"ؖi{hM&	6ZB+Ӄn`Sa@`Fm0_|՜VQN)/BCwr̃K/YXUZk\'trV\'\r7LV[($zsn>Z\\:F4?W/{D+uD8,ۆ?DpemMLZn![̲;9N\'Ʃ|!2Kipپ)f^[YA7;heBj\r\\%oG f(Xi,oElYfK3(8fsp\r(9ZTӆѭi6Zfl=6+ͪZ%dMff=<SEgO/>m;\rG4;;Evl=	)|:aӞ<epl \Zg຾s$3&fp#8w89tgnqt#_`nBp\rqQn\Z5so:ӳB@.ؔ%[w|ث/{M*	fH4::=a+Jc<\Z!}Z\Z<Ki6Uٌɷ6JN>dniY&E2]V\Z[XiUF&tG0᢮1|?WAiMhº01`p4yf힫ng#gq\0Ƅa(Y6#_kݹi.[ri&C \\$CDw}2usj_S]Ӽb޼\n4Գ$0|yjϺ\ZNM䛴OIf~lh\"N=k4	X\Z}/aK\'>DL7,P!UUp/ik4O\nЩXb)MJeM*OVP	C#VeOm3PZ\nzi#JMHis-g8Zw03jwGZȁBM&:p2%3*V-2#3d~(jouY\r@ў|o7^2]^zPF8˟T(gA:?h½ziE/I>vH>L1:cYYH/{\nhL %c\\0U? wւ_W=#	>0A4Ч#iKkP)D^eqő7_eݛ:m^h!\nendstream\nendobj\n38 0 obj\n10352\nendobj\n12 0 obj\n<< /Type /Font /Subtype /TrueType /BaseFont /SGBSGP+Arial-BoldMT /FontDescriptor\n39 0 R /Encoding /MacRomanEncoding /FirstChar 32 /LastChar 32 /Widths [ 278\n] >>\nendobj\n39 0 obj\n<< /Type /FontDescriptor /FontName /SGBSGP+Arial-BoldMT /Flags 32 /FontBBox\n[-628 -376 2000 1018] /ItalicAngle 0 /Ascent 905 /Descent -212 /CapHeight\n716 /StemV 145 /Leading 33 /XHeight 519 /StemH 121 /AvgWidth 479 /MaxWidth\n2000 /FontFile2 40 0 R >>\nendobj\n40 0 obj\n<< /Length 41 0 R /Length1 8520 /Filter /FlateDecode >>\nstream\nxZxTյ^{3<W<\'`&L^jS%`g$-(HjPT(W|j 3ek?kk*5_mmkRȹ^֯{~9ʠ^dj$tR\"ϒu~}UWTݸ|TNZT\0|U-\\67FݽkԍZWu)4PL\\\rΛ;FYhϻzVbPtjcE$+BU !h\Z-HB]]KWϮěEѶWMǗ->yiy6MKpWSN<Η$5g>n4@ $Z<dV	1sNR<kϽT=R{@R4]qN_:/ŧMWԞqz(i N#A[A@n9 !vmv8C4Q9 c,\rQ=OːRP(}^naV\nr@6ēOw(1>c+̐O|@,q%A>CahMW)lgU`AoA [%Su#p3RBܗ[ф,BLtOX~x$e2Uf<W0bC\"*D>(;+ǞZR׊\\e-2iLcW~aom}+MC`	zA9NW#ieV2Dق舑!˲4M6:\nb\"@wDE?-Կ/\'꛲SZZYP%<ŋfWPHLrG7@\0\'bbf*!V{6:k\\Vm$Tn\"O\"1H%Ck~<-KFkrYE-\0q;>!b~QR\Z-N\Z#䠘DLu+.NΏ$/tèKY;I~$)%\nMoh+$W\'w UE|R}vkz\'`q;3Gbz`DP0\"ɩ%.OdCIMg<=#?|/Y2HvKMZ4\0|>gC3^4EޏλIP:`OG%1|]); }fn0<P^VC̨4v!\0V˷$cLP*iIS/~%EQv*P$\'T7GA@;ICtvRh-NN :S!:N;T(Q @D\"\nD(QF*DM@4ѤM@4DB4DB@@@\naaaa*		@QDBQD9\nQD9\na\0a\0a\0a(B§> |@)>b! b! R! kđЫ G G\099@]&B.$I`&6	l$IM2	lRa- , , ,R~ _!~~> > S> S;Y؋Z.V|S|=U\ZPvڡmQuTZ*RSx7^f١@׃Vv<J:=glVn!kgó[ݻ݇ܮ!77B<S8ZAm@1?\"(Tg370G7>.aKء=XBirΠJQ4_?\n,*遽&v,=fcFP%T\ntPeQ	`asHA TI99xM3kL#j&I?So%`/P\ZK򭈽M|s)Gm\0.Z\r=IhoƄ\"[fmb]\\$K(\0x~BOIy<XO9Kr♛Tx.Ȳ.A֘9J??CFb<5\Z@]cʞqHC#ܒ}G^q{K^4ߏU.l}̱z^ww_[EuR\",w՛E/ ؠߪz>8 Kk2T^W&hsS{&{.LYou{5/w\\2;a[}.5YєRF8rYcE#olaV\Zߛ	p0kL#5X	Ȫ6Zk=A7\'̑M\n1PҦMG\":zs\Z꾠h]ܓ{8z9l=3)bUHil6y6ϬYEZ\'Ϯ_$۵κWfXY0b`!C<f]+vT3ƤQn@\0Qes4@`\0[7PV~\rŪ#]I\n0祈tYΙFLf5|T<YqS،\nsI5A޳}_Z[,ϵz0,Q]ֶ\\QgsWzn^o	bvֺH*׽g}W,,}U+|Z\nI_!ڬVWuRM*yJ\ZFjr|W`Fl\'\nF	PYHϤ*#\n#*GkD7Z36ZKrX&REs%Υuz3=JN/zzzzQ\ZFkBDU.Kδ	N `ҝ,&w{OX}\r@km\\%H\0`2mfsU\nxW*y e}e}J7{wQ!Ji;u$bwFXߓIqH|?U;1Ku/2RHb>R{dM>)AagB+R5$sj*G=M\"|c\Z^/upIcӳ4>cyl:])\'vi>[Q6kt1]4>.o6EyG\"-~1+j/P|@;{hͣE,Zm}8Gv3xG_(䜢OsM{9+4b<GEYdI\n*i}A}YNԺӕt\rDk)FlkrupnsU8\"!ɮ۵g+5W%k]W;s^,`/*\\yyE4\Z~]78\njW$f\"dm-VȦ}\"7IC\nؗ2x\\ИO䨛^)A&v[}\rqj^.iW?O͝O_u}ⴇ~Fĭ_fIf!v|9qxHj7_͵>ct^tBEYAwbUlCz~CcKW᥋mfثMF7Mx7#Ox?,o:pIgpbxRX\"!?h>HD-Жhfuٵӵ넻tɳsKNv[q]/V:d	% r^GFo|VȊ\ZU+l)`=q=`܃؃<ěy+w{qrO~ŕbV܄1t*nd!8,1kmG{e*msr%]oNN;==}{wgsz;DV\r?iq4OWG6F<4cW0%KxpYxfi&{66D65^/YiO\\BڅӨY\rU\Z]A*~~=nd]gsm_*gX\Z D@wjճCBOh8(fYzN2siԊS>M$O6`?Y>L{w::AMaE4\n	NS]F;1`D]֖b,#5\\݁S!rꬦ\0{;\"D^.ym>6S>b,*ָ\\ϸ~z=پǊVs:FFoG)bnf و=L+yDZOسSq׌lD|{ΉCܟq6#j/iD.ځҎSqgٸ(%==S+~M@W)΅:v\rB0\0f`/Z\'~|Oa>abf{SlBo~ze\"8M91ńf(=bJ	\0sbjk<uDfŬYռsfWΜqiiK.Z\\\\hMX;!gcF23Fy=n&8zC԰V2YeBːV.4aY)K%UTUVj\r:`Kkº1JJ}J΄\\XQΰXԨ\Z,GJZmGzY)\r8\n59&gJpfbVnDjZ+(,ZͿ\"T&TXZˣ+vkc4/e`Fui\Z:kºsU9ޓ9_[ b+icXɅH}\0\rX\\߇jT	[l\\c!F\Z_K&5En-AgXK_hU#uQlѭ<ȻPSV:J@VyЁtJRRj\\t6Lf c-k	a@Y협VZm4+1Df>Ǐ]:>!RX\nD<S8_gIYNFfCiHa-	b.-+ɜ%\ZL`J3~ќGX{Eger/kH1cёUrA-	EޠaQ&%^ r钳&3,-n4vT\rh|+Re$pd3&J8\'$JsQXs#q]P hl[b\Zpb\r~!&e~\rӱzB	M8X\rE0l.-?ۼpd:+&csKFk\"S\Z8rU+?*mYFnsRDVS\rކ%Ֆ2BO]$)?n|䓁pl\0\nᡚ=\r=	^m%6,(ݣ\r3]\\`E\\\r^ujߪ:]EՐ}PL//]8:7mtSA/@=N1>WJPmƌD.^˛W,YOa\nendstream\nendobj\n41 0 obj\n5563\nendobj\n13 0 obj\n<< /Type /Font /Subtype /TrueType /BaseFont /NXMFFW+ArialMT /FontDescriptor\n42 0 R /Encoding /MacRomanEncoding /FirstChar 32 /LastChar 32 /Widths [ 278\n] >>\nendobj\n42 0 obj\n<< /Type /FontDescriptor /FontName /NXMFFW+ArialMT /Flags 32 /FontBBox [-665 -325 2000 1006]\n/ItalicAngle 0 /Ascent 905 /Descent -212 /CapHeight 716 /StemV 95 /Leading\n33 /XHeight 519 /StemH 84 /AvgWidth 441 /MaxWidth 2000 /FontFile2 43 0 R >>\nendobj\n43 0 obj\n<< /Length 44 0 R /Length1 6780 /Filter /FlateDecode >>\nstream\nxY	|T?7K62	uyÐA2\0\rL&ld:CLH\"Da\"0lZ*RDQ[QODA?ny~ι眻w}M/id\n o2rvzJڎybQ~smM-:}6(bu6\n|hۢzօq{T5-OҮ^ߴU\Z0F˨Rŭq\'JsEΖE͌\n/h<KH6*?*ydB]M9㿴e=B_{aɨ&ҀvTcow{-6x/5KzYcp:	p1<sa\"/RF\'}pijUPcAUv`7pPhȇ\n1L**Nf\'a\Z&6MtA`\n0̆ԴYL^:sόl0XςF)VmmT{i1^{Em\\mĨV!tޓRW!2L)1rb0i\0ҝBLpz`ҪD3N?=JwVA@S(h?)cZ	G3D9>R{TTsA`2c*JwAm,T6z=R6<%qQ2sBzFif82ʍ;/PC\"#Q?U39\nL@`7(h\00\n]x`(?\ZqW;2/5+E_0K/FT;\r^?34ݡW񃈠\0s-C\"-ttv}jGA+y8\Z$*{@v;޶UIܛB}FHoZ\rI¥$q,${H4@4tluLJe2Di)|,\"xw/tBP+d,4a!Y(,A(B̻Xof\'Y,TBCYHee(wFS3XO|踳\n>܉:N	AQIsΗ|HOae~\Zm8D\'\07:9RA+9@p3`[\nZTsUlL©TNq1J`C(CPͳmDRٔ|=QF4kZ:_PBU̷Pnq%M#;Scc\nPQMvԏ\";4b\nR#\">6@S{Cľ\ZUX7h8n_x$j;k}ÆjvD+%>q0tMuLwrLDo\'먴_\Z-u\\)xbb!&;n7:Yem\"62K8,y\\ kf`M&ZVUr+YE^|\r2/?3b60Ln3ę/I(yjV5S\\Uj+LjS}C6Sӵ2Of+7cj|]Q?tZ{5r%dͦ@2VfUW4ZϏW֏\'˓mhRog^;eK\noԋ@>ʮ2He?+^ҏTk~oG̯\07T2%$PW`)LuwvOJOgz\'#D\r!Up!bg91nå$zc$#	I9y\'$|.[=Shn|AjeiU6ɛZVkvժFUMw6R-j=*h\Z5gƚ*;%ǚ`Xe<AU&*cMN0\"#ǧT\'%\"_@uHrg}8$O@KvUk)*i3%MNV;s]q\r4W5yt.,_\'.[.>T+Zzr,m6\0ݸs$_T)/rt⼣ԍ1\'^40o>΀8YC,>K3v2<כ\\!SLCXv9t-KXtŹ!O繐#e#V]lm}\rlM?>K.\Z.zͧ\' =΢n=$@t;i-^kYOQLɲ=2y\0/|2X)5uZC)4h*&v\Zr+ѕt=u7[?+@IC(GLߥbmlk(!xKi0}-feBJ,BԠtM^vMmlw\ZIv^(=CodYYʦ\"C>J̈́(\rӟ/tسݔl*5yM7ihkexQӫ񑷆~#M/,)*>bb(-44˓Q9>\0wMwӽ,KJU~`\Z>O;ǔ,MX565Kgc4+V7l;;Oxo3M QQf(ʭM̟Rv|Xz(rN1KbPTd3(+& c{01v}Wҗ;7-7\\~y\'E9ſbbvji񁒣UtĹԴʹӴ9YsxǿC?~?ߣ@q\'x̾	e6dnz%#v9U+9l-G$oc;ܟb79ۍ9_Gj>\Zoal+\nHb(l*čb+=qJ|%GѕDšQ܊GQ()+\ZM/aN4/2n?ǩ222۲Ųr\ZDvO;)Vx6J6>a^E>ϡ1#S.r^&YōXwxZG:4R4^9DX۫y9gi,H/x\'EyQY&;S(&?9=BOsQw֍q\r[8OFVN9^Gg-<L#\nS1t<+a>!<ՍeC0\rl|EK訒H?bGSbr4	ntɯ`WQr\nQ8WaWiĞO>Ub4YȜ+3C@gjbs<\0]Լ?fv}]obkq.f[x4:[|vEX)ܙ\n~\n+o7Cv_v;Ł#30Qɼ[X	?;X\"i\n-&jxp5\Z{3zhퟏ8lA?53/7vLQ#KG\\Vriqp%C]C#?Ϟ1x4[ꀔlRgTsUkbYw5At\"P]죩]LyzyO<1OyOfS\"R#.5fMCT\niCdwr\nd\rT_V[ꖶ}\"֝XiM,.$ILWG7ˬ`3}9YSD-UӲ]hnDE:u:E\ZivH<h\ZbG\rjwQ_xcFsWKS_Mçy0nyGY?V9dk/抰/k*ᵪv4ms@\0}-/0Fܩzy_ck0$ƪb닝zT-Uj/5~3ORO\r7]N2hw{jŖn[Z,RBrʅB+.#]W$*fwaMc$iC1ܑZBM0l\'X\"L6\ZXטl_4<9j\Zk:\'kVX(SR{9VEKY~4TĶ)0w:\r\\T4yKpAi;g<SZB,]={kVT[@_8esk^?UY[pQ-fE`K\ZI\n\Z;!sqٟ)3IXu-81FNg\ZE~l_6hlZE\rr8NpE6ZlW2NFx2O1\\͋ҀPrՋsdva\\j]8n꡹.\nsvXD}rDMu3f{CaD^C˥V**+Tϰ\Z^aUQoƯ.(l8tJL5tr}rioC*F1p1y%C) Q/5 &-D4gZ~աUDߑqL]JaG6LOSx~I\r|>\nendstream\nendobj\n44 0 obj\n4537\nendobj\n21 0 obj\n<< /Type /Font /Subtype /TrueType /BaseFont /RDICCS+Cambria /FontDescriptor\n45 0 R /ToUnicode 46 0 R /FirstChar 33 /LastChar 56 /Widths [ 552 338 556\n264 490 774 205 504 455 531 414 504 441 555 552 266 488 278 430 832 271 488\n524 885 ] >>\nendobj\n46 0 obj\n<< /Length 47 0 R /Filter /FlateDecode >>\nstream\nx]j0E\n-El	PRYA~-,WIS,F|aR{m#s:9>+J;,c4qQUUT/ɍ<-:?mNsr?)յrңK^ۣ<aPy	p#T+)VbUZnWgݿPi]K-\"Z/uV%hS\r@5uZ˞$+(@Tk(@tI@4j\0H:(@dꠒ\rDP	ZpΤle0A-[G@-hApQ1z1r߮=ǈŦ/v]^.\r?0\nendstream\nendobj\n47 0 obj\n363\nendobj\n45 0 obj\n<< /Type /FontDescriptor /FontName /RDICCS+Cambria /Flags 4 /FontBBox [-1475 -2463 2867 3117]\n/ItalicAngle 0 /Ascent 950 /Descent -222 /CapHeight 667 /StemV 0 /XHeight\n467 /AvgWidth 615 /MaxWidth 2919 /FontFile2 48 0 R >>\nendobj\n48 0 obj\n<< /Length 49 0 R /Length1 16252 /Filter /FlateDecode >>\nstream\nx{y`Tս9ξd-N&mL6aܬ	kM@q%\"l+E*m\r\'ڦZ`ZU,Ukk2ysg&,O]]zngˆ[7.\'z2LxRlZ\"?t,mH[7yƵ7JnB7rǍtB\\僱D|\nZ=DVڀ~ؓP5˒T\Zܔ|?UA4.޺<YNd_p5(*ZFI\Z!,!㤄%*3	XR\\b~i)7ՠ!{ZyC$!_<r~$,hNK)bG$=\\H1)\\ żbΤwS;))t9bH1L1_WSs\"O1S̮3bm) O1)/3#t):ŔP)I1)Fb)F)NȚ?G2 e|^d]#2ߒeO_2>.d_$e|Dc2>$2~JeKxwxTxD[eXl.˩2Wxe%78aS2E\0ـ%5̀݀\'\0?`$KJ_C\0	0x\rp\npAa\ZFa\ZFa\ZFa\ZFa\Z&:+Q+Q+QV?y!\'&l@#`	I_+/J/s_|ˊ\'^85qaBI`N.(Aq~dQбE!M\0^cijʣ&B-U9\\q=NBFl\r!`{\\ÿ}տu{ݞ	ہVe\rͫޛWo5}F#㦕@7\0Z>d.\ZYYＳi*D8\\8n(1prݠn\'1/\0`JO~\0-@@=_}m ƉܮvGӔ}*rqw%ܝDzO $ӛ+Qnayj+X\rGmSx\0OVH4\rA8J;yr&zA6PV1I\'z@YIwX,lBq%a7 J=7Mt\"2|?\0~Tǭ@!ei9\0zZ\nDe\"@7`Rk,PT٬9@>%/8n\n(2)$P_ͤ>lsF\\(YP%Lt0IPԌ4%J\0\rN@\r\0̙W7\ZAIZUI*$i%(kWe$-̘hj)I>U`.y=g\ZNdh=h5PC9.(G帠\rh22S6h:z\0CthHΡ3$G2йIz(+\n-Hg)6Cz:IO􇠬9d-lTq<iN?l!\Z)vGs{d<+˟LefdLfzL{zےՁ(=\"v\0G#t$d6fYbdp\\ydFD̊g^y\rD\ZFkepʛor7F~<bb͓6[D|<TyQ\Z|Qe/*O%>(</_|䋜v{ϖ2	_xfjv T\'fG`+{{o^Qĵ4jZ\"HT>Ƀ:]3fe]@{W&t{	GeleJ~ Ir],e@J_\'_\raӬpEEC?dj-sG^~r\\rwd/9?*)tuCNݐLwx(r,Ds\\D~>ϞpG^xbo/ߧȑ1ep#7)A~y*]\raGu<{(*\rs!\Z\\EeD<nw$hCoђ{*jo3\rދQ݃Wz3<>B\0[-ȴ>BGh8GZ0\nܡ*s!)u\\d.]\nME)ǟ7ee	&4+h}>!/ʛV7\ZP\Z@T|,{m5QӄH1oߚTz)d_<g\r1zjL^itӍhU؍k.>yq_\\|xE⩋Jr.OR?D-EyhNTfEQwFMQmT$t6K6\n:Y\n;BT씴](Տ\\ۏr ֖R+ys``0Su铆3\n<O:no~ֳ~F9tD	f M*jZ\\ǓlLD[TjIe\\\"FK66n W&%UIM8N^s\\$va-5BwW2%v4K\\N))eu-͝qH3Dt@1µq,kZF$F/.w\0>\08xӀS7\0UI	~n.(`;`~|@?\0teP\0\"Ǳbbޏ{\'v:[_ވ{9v<R؏bǎbbbOv툍ĶƶĆcc-uǺbXZzI;|;|cB.ɇ.xUB&.=Wx#FY/cw\'_]#\nQ\'bw=,LaϲM5=?/|~疼J^&? [dy$n!J\"g>Fdj#OVK\0)?B\Z d+,W)=̹BJM证|}|<I:H]yޔS YI֓DBsgHYyj}>9D!هHyBC60MMW7dZۀ.~l w\'dws#V:]n?QYǐ&h!\Z mj _%ъkʟ%;O1\0[|ﺶ3v̧iYr}Z&X[1>ܘCw`@C@P|^hylnr\'2]O\"jf_P!I^e_bUS񀥘\\r+,y\Z:yz)OFN8\rhx	r>1w5ٹr9N8Hzc%;K&lic|I2aYi\'4?\'^8Jq]B$(N;ʷiJN|xZ/\0|/g&~YiQZ77\n_?P\'_\'SWUZ1V<(UÃ2LV\rf5|H]r2_R>>nAܻˈdD<d9s-MbcC}tJ]2\\Q^*-)r9>!;+3Ûqj1ҌNQ\n-[VJ[fA2̺03$PIJ)ٻƈX/W%>4$E\017,GRzK畸\0dB>\nicpt⏵$~>)+g%r !6_7Yt<fJ>FUPDT*0`\'FB,QD31k_Vb+ ^HH\'\n=}Kwߘ^oY,pD鑣gP1jh281B|V66+%q\0+ە,켺YA5;%UNBX!!<j&K?6O11چzή \0CSw!aiVw\0ߊǆ03Vi[ƽ8mk,AɈ;mKn}WXXmmme3XhRm5Nw\nҕw7jA;Z2`fXɦ- TwS\nm+[~2\r !׷$O5mcCaL2Da$	ob<-++\0o[Y\n(Q@8&PlSQ֩: كfߋ(/)kke։\\K_y<ήlFy&$V2ٝ!&z%5r\'ޓ7,kсK?:f0mdԾ_2:YChֽ]\ZD\ZZ2YQ䳋>05\rN^\Zz%s-sYhn|b^|Cy\rh[1\'),d.:?8*HH}@z1Xx1J&77}ҶG-~aߴ4ދ9V@bm-}cUq^q \n\rL1G~5dJʖqo_0[,)t\"Tk)nhTNOW!=}W-\n\'\rIhH\ZBUV;64Jw0{Mb`Z̯YP4Iidz[D\"xnmS$!SG\'N\rDoa	^k%>CogP$aB^˄ۗt7YO]T-b\'송eNde(T/RF\"cO\0ydT9-ϝw\\W<-UqNB<ۻD}c8x	{skhEY1 9v,UXtRv?c\"!rBΐp+%*!e̩z<Qz!PzL\Zg&΄²\rD\rcS$y7FߘW|Gp>̄s\"ID^\n, jLG=U\Z^6mՁi%d2MҢmh`yfX2l8pd/[F$u$U^b<P_!/\'lCc/x[6`l@d\"ސ\"*@Gs|Q\'iK!/ESC(lrj[mQUL6tP40xVǬǿIDWQ,YH#Ǐ}_1XD oh{N$%w\"3sr\r\')Eh[[%Q7mpGDJ~ȟ%]6BD+EG\n|QL\ZU\"sLg9Z	(n&\ZbSULP;\rҍOU9Ҡv0wm@?!#nlBA\\JBHlÏu̥Ek\r6ZI:fŷRU߭C3\\\'nm}]~!N[+{I)&etGgK+JEU5)6[]ZΓƓ!5͓+uEBx\'\'-a\n_*/U\r\\M_UIpE#;.Z|\\Y\Z\\v @KSnXsO/Ok韜@QU\';{Y_*5Է2TGyK!ğ$y&>c2㧃gER(%jMz}>q~X/\n7^RE)_pr̶&e@Z_ܡّf7?1vMZYQQY4AP5\n$)m~q]pѺ q7˙akBɺD2,T\0\0=.\\t:,,*t+on7oƆ\\\nuZ20<ܼlS15\rӧ\'MCj{zP6~aKNC9=\r4{o{ {]lpI {6U VUl+5YyVěngWf*l~|mN[ %&8&{Χ\'5:fa54dFoT4v	!lx3kёj[km<m̮07EPjrXjyl6l5;;ć$r\nB6`hnjHb6Ir$2e75l*K0tȹjM~\Z&˂bz\rW4(xot?E\rE+Oӻoj[B^[\\W[MS4̨ʲj+usVKG_{JRpάucM!hahn3g-_}>L|<<\n-q*s/Gg(qYjޒnUr\Zy~SjMlwfP,p _ҨkxYj~Xyx櫿/V1سfUQoMwn=-۾νi-\"N@udPW\0D\"mA`!Le&WTkk֒5Q)2vt}*Epw񣴋yjOu:Uً8|2/atbւpͼB)J;{jT\ryl\nEl:QHysO|\r~sy*Rȃ3Z=zd;s6-eXyh|XRx[=囸ekyj96钁\rT.x|[t>aۍ,Z-.n>zceTK\\o.	7)[_xy>#\n4UUZF66Q,\Z>\"j2Χxh5VkrӭkĔ	\ni8~̕ͮR\Z79\rMENzy>w02iVk[_ev;D1b8˖,$2,)#^py\\PA(KC[!)`P4*IHur2\\ؽA!avE$+l	1YiZ\Z_s`j0I,\Z|8y&ysx5!&PDռGpGSr{Nez\\_oQ\'m+Qk`pd˵b[͍rb7eV4/0\\u\\no<RLt(*VBV;q\\AFIA!H!!5wsP-O8Otn \0`I!%)C!MXg(vW9<x񢃭MT[lWZFY[2eր¨Q4g1hXGϷttbM]հz}p@Dŋ1̶.$yi\'$e\'O<D> )ؖ 5Ƕ`pn&-:ݹhe%[g+)+hνsrJ3;:TF{ ߔsXLxQDKftwyS|ی:ens4e3+_mkShQ q`n׆jϿH241`#:Oߣ6;z:ӹE\'y]V\Z=mfLܧl?X˔k6ܱq~[J|;[OIoZq}]8Wߴ_\">O(RK\"JtxI^i6{<guz8;̇bCz\Z{ABSΖd|:Nk0(jcb&`<JX\r\'a\"ɍhb\"oZ<6\\W.o[	asŮOȪ̲еZW,>[(ꍦS~u\nw;<SzI(Q_nVih?ˁ<tPtִ\"e|	tObblu;>ɄO4f\rg5aV[~Ҭh\nu$k,4g@Zv8s034$2Epap+Y.]ʝqUWYoYz,mZ9,NL}3ޘ>;Q:>6Ltauv<m\r\\Pexb0DCa*\rbgW)5x*(dјGrr\"yƶ[H4۔AKAlYYmZ$hѭX\'qyHaUaviIr_&5]K߸z鶮\':zW.m\nzW.Xuw-NG2:JK[gҚ屿p-	U%yK[zسSG/(.3olb^&\ZL6^әTԢ`IEmٵ,R?:aJ*$H7Ae&9|l&7dS\r~~m?o.-.h){G5K|<2)×]ְ>d\Z|eĢ̂32[3NW꽢i+Xߨ9\"djIgD0e(XXG]ٕ1䰡v堑<Qh4imkP4{3*Ӝ3Vg4w6euN/GNܙɣގ_w6+tg6NR̆LFg쀮1SZlblU\Z-N/LliPsVqk>W\nS2v6_R<tlVmop=SD]g3vsIޖ_T?t[_>Q^)k5e/HOJ2\'*ƌќfC(γX2	.\0YJ+C8E5.&av&r-	lA&7WkQ9J)kg8jجp|M&` P1U8$>eOdqq*FWˍ\\0uW)}-)ZRMl}۸.:d6?U^k**řCmʬ/=>]RXDmqvMϩEpDmVj\\\"<EE@NG~vLjLЙ0|]O \\u 9jdC`F_3ߐ\ng|7g5>nVs/\n\rG_.?\nZ2)>́ݤqMiyAk8l_OJ\\b2Ь<Nɥi{DNbޤ=S5,Ƥ022:~EpbWb&{oXظrx1\Za<xpoWE}RQ->!zs>s**7p{Мީ\\=l74\\VܯٜDx3/#xՒJU*˚O+pJ?.cBk[?o{˃gBϴT%xi8NqFs\\V5Euoŉ\'POן[>KJ?PaLT+yqBJ=fY~\\+P+N#Z\"%|#bY!_,Ze{,(.)if(qm]pތF4ʆ́Hebe|:	^|	!q(:Y;bd\';\Z|9(_\rVrؼ(VvUXb@.ikunB-C[;<-5\ncYMC3o=g`pF:zǅowFcvw#?xtYR7ǞhF$\'On76O)VY4BIro~e][mPOŝ>ߓwic:JWisneX몚{湽)Ӊ/:i2\'2j+D\nendstream\nendobj\n49 0 obj\n10250\nendobj\n50 0 obj\n(kupni_smlouva_vec_movita_sekacka)\nendobj\n51 0 obj\n(Mac OS X 10.8.3 Quartz PDFContext)\nendobj\n52 0 obj\n(\\001`\\000\\000r\\000k\\000a\\000 \\000H\\000r\\000u\\001a\\000k\\000o\\000v\\000)\nendobj\n53 0 obj\n()\nendobj\n54 0 obj\n(Word)\nendobj\n55 0 obj\n(D:20130522123004Z00\'00\')\nendobj\n56 0 obj\n()\nendobj\n57 0 obj\n[ () ]\nendobj\n1 0 obj\n<< /Title 50 0 R /Author 52 0 R /Subject 53 0 R /Producer 51 0 R /Creator\n54 0 R /CreationDate 55 0 R /ModDate 55 0 R /Keywords 56 0 R /AAPL:Keywords\n57 0 R >>\nendobj\nxref\n0 58\n0000000000 65535 f \n0000107165 00000 n \n0000007294 00000 n \n0000011887 00000 n \n0000000022 00000 n \n0000007274 00000 n \n0000007398 00000 n \n0000010302 00000 n \n0000012027 00000 n \n0000033537 00000 n \n0000043004 00000 n \n0000073032 00000 n \n0000084330 00000 n \n0000090449 00000 n \n0000007566 00000 n \n0000010281 00000 n \n0000011625 00000 n \n0000010338 00000 n \n0000011604 00000 n \n0000011732 00000 n \n0000000000 00000 n \n0000095530 00000 n \n0000011977 00000 n \n0000012711 00000 n \n0000012987 00000 n \n0000033515 00000 n \n0000034078 00000 n \n0000033730 00000 n \n0000034058 00000 n \n0000034353 00000 n \n0000042983 00000 n \n0000043698 00000 n \n0000043968 00000 n \n0000073010 00000 n \n0000073596 00000 n \n0000073229 00000 n \n0000073576 00000 n \n0000073865 00000 n \n0000084308 00000 n \n0000084508 00000 n \n0000084775 00000 n \n0000090428 00000 n \n0000090622 00000 n \n0000090882 00000 n \n0000095509 00000 n \n0000096244 00000 n \n0000095785 00000 n \n0000096224 00000 n \n0000096482 00000 n \n0000106823 00000 n \n0000106845 00000 n \n0000106896 00000 n \n0000106948 00000 n \n0000107039 00000 n \n0000107058 00000 n \n0000107081 00000 n \n0000107123 00000 n \n0000107142 00000 n \ntrailer\n<< /Size 58 /Root 22 0 R /Info 1 0 R /ID [ <50f0e93f5d954cd1f70ba18c4fe332bc>\n<50f0e93f5d954cd1f70ba18c4fe332bc> ] >>\nstartxref\n107340\n%%EOF\n',	NULL),
(8,	5,	'Pisálkův geniální příspěvek',	'Vestibulum aliquam mauris sem, sed sagittis nisl sollicitudin vel. Nunc molestie, purus sed mollis fringilla, risus sem scelerisque ante, non accumsan dolor ex eu lacus. Mauris dictum ipsum quis metus consectetur, ac iaculis neque auctor. Ut et arcu et tortor blandit pretium. Integer rutrum bibendum diam, ac viverra nunc. Curabitur vitae turpis leo. ',	'%PDF-1.3\r%\r\n7 0 obj\r<</Linearized 1/L 7945/O 9/E 3524/N 1/T 7656/H [ 451 137]>>\rendobj\r                       \r\n13 0 obj\r<</DecodeParms<</Columns 4/Predictor 12>>/Filter/FlateDecode/ID[<4DC91A1875A6D707AEC203BB021C93A0><F6C92B368A8A13408457A1D395A37EB9>]/Index[7 21]/Info 6 0 R/Length 52/Prev 7657/Root 8 0 R/Size 28/Type/XRef/W[1 2 1]>>stream\r\nhbbd``b` H0	6G #4,#Ɲ_\0\0L\r\nendstream\rendobj\rstartxref\r\n0\r\n%%EOF\r\n        \r\n27 0 obj\r<</Filter/FlateDecode/I 69/Length 58/S 38>>stream\r\nhb```a``\06$р,\rt&8Z-,\0\0\r\nendstream\rendobj\r8 0 obj\r<</Metadata 1 0 R/Pages 5 0 R/Type/Catalog>>\rendobj\r9 0 obj\r<</Contents 11 0 R/CropBox[0 0 595 842]/MediaBox[0 0 595 842]/Parent 5 0 R/Resources 14 0 R/Rotate 0/Type/Page>>\rendobj\r10 0 obj\r<</Filter/FlateDecode/First 94/Length 773/N 13/Type/ObjStm>>stream\r\nh޼Tmo0+q\"UHЎZ&[?DBW~w	.+҈|0&\'\"&FTȈ$&gZၭDHb!($UQ&\\4\n/c~4߶:Ń*-M\0[4M%M}xgg>ydlBgWS\ZMG^f,C?P6uMPrt>=Ҹ\\A^ؐPB\rCTJV5*/mmx!DBј<eEchtfaJ\Zl>?_OO64	EalS,\"/$k&F/Ǫx=DX1UE#4~9(wI3o9DDB &_,at9ٲƴVIM>gi$`2Hӻlmγb0mLolVq,Y*z0:ت>|݁F_Ӽn*]|{wHl|lONlb\\/IFJ~ki*}}ֺ//[->Aw\0GS0{\04w}YcvtЂ)@dCcѦVOAf{u;B)ДءpO\0\rؽ z\'#>Ke|$ʑ]|94Nj,-0藤]Ir|̆x$۾e(E>Ӆܩbb=\\q1\nbW@?\0>Њ\r\nendstream\rendobj\r11 0 obj\r<</Filter/FlateDecode/Length 1530>>stream\r\nHWKo6Fs[t)b+n$*dSi{-\n,ZP\Zr曙o?tۮ aqR@2<q7m	c	as/)<6$64\Z^6(MLѶSev\ZmJChZ\r6Sk\nw{?D~~&c&\nfдqrY(:$!0G~7k`P$np}TƹEZ[g&K\'2=,<L3YȬ{UFoz}/(oqi}`ҶbaQD<J򘬊ճsm[#Q7|E>!9-^FxU&QȽ^Q/SbśE[1\ZIQT_u-qk,Ya}I#pwYGsȉpFj	*08,sﲔqP+NEf#_Z򥥚sBh[2\rC8YNbQ?0k+W&\'PjQ\Z̐ܛeZfZ8́]F/{\"MVK\raz2\0S>Wega$Y+RH}uPWP\\TxpWHV%sEߠ__4zS=^aIp\n(0A#HOѶ@#f\rn&*I	!@0bNq$`+Ʀ>ӤDO;FN4^1;\ns}M{:LrdN\"dLQt\rO\r rhdbbTp*/qEUCv#^=2`#F`E&(\Z(,2?Q	ӶWIߘ@BcdRM{\\>(/.*rQ?\\NHD/hZW3YsU5Dj/.NT[QE&ƿ3	QQ?#?5ߋ6iݦЦmt7q1ڞ\"/Ȇ)\Ze\nz(˭kPq.]4oCDIlAqz+la{g,~..Cypd+	L0\n4¾L*7ov4giP\ZeD%]lY	g\'դJI^X,GM)-,H\rj*>1\r36f`Zpdj@B6M䈈۳AAIwVn?~-J?3~vFn4/l*,S`dDA .Y*ysDOtAaD%w ]sh\Z>7IN~S:\ZIT8sO驽*y,`:+a)e*<&CFRͣ_yi>dU}p_D]F ]c4K]heQxsWā?v\0\n\r\nendstream\rendobj\r12 0 obj\r<</Filter/FlateDecode/Length 208>>stream\r\nHT0>GCUX:#\niVз\')Kӝ-͡!@\\ة4&V(AnJ\"<\r*(gشsoAY#\Z`s+8h\'hPנ(IZ.b5t\ZG/ʋ]!Ve^u[M1ֲ(e0ߋxezK\0Ci?\n\r\nendstream\rendobj\r1 0 obj\r<</Length 3656/Subtype/XML/Type/Metadata>>stream\r\n<?xpacket begin=\"﻿\" id=\"W5M0MpCehiHzreSzNTczkc9d\"?>\n<x:xmpmeta xmlns:x=\"adobe:ns:meta/\" x:xmptk=\"Adobe XMP Core 4.2.1-c043 52.372728, 2009/01/18-15:08:04        \">\n   <rdf:RDF xmlns:rdf=\"http://www.w3.org/1999/02/22-rdf-syntax-ns#\">\n      <rdf:Description rdf:about=\"\"\n            xmlns:dc=\"http://purl.org/dc/elements/1.1/\">\n         <dc:format>application/pdf</dc:format>\n         <dc:creator>\n            <rdf:Seq>\n               <rdf:li>cdaily</rdf:li>\n            </rdf:Seq>\n         </dc:creator>\n         <dc:title>\n            <rdf:Alt>\n               <rdf:li xml:lang=\"x-default\">This is a test PDF file</rdf:li>\n            </rdf:Alt>\n         </dc:title>\n      </rdf:Description>\n      <rdf:Description rdf:about=\"\"\n            xmlns:xmp=\"http://ns.adobe.com/xap/1.0/\">\n         <xmp:CreateDate>2000-06-29T10:21:08+11:00</xmp:CreateDate>\n         <xmp:CreatorTool>Microsoft Word 8.0</xmp:CreatorTool>\n         <xmp:ModifyDate>2013-10-28T15:24:13-04:00</xmp:ModifyDate>\n         <xmp:MetadataDate>2013-10-28T15:24:13-04:00</xmp:MetadataDate>\n      </rdf:Description>\n      <rdf:Description rdf:about=\"\"\n            xmlns:pdf=\"http://ns.adobe.com/pdf/1.3/\">\n         <pdf:Producer>Acrobat Distiller 4.0 for Windows</pdf:Producer>\n      </rdf:Description>\n      <rdf:Description rdf:about=\"\"\n            xmlns:xmpMM=\"http://ns.adobe.com/xap/1.0/mm/\">\n         <xmpMM:DocumentID>uuid:0805e221-80a8-459e-a522-635ed5c1e2e6</xmpMM:DocumentID>\n         <xmpMM:InstanceID>uuid:62d6ae6d-43c4-472d-9b28-7c4add8f9e46</xmpMM:InstanceID>\n      </rdf:Description>\n   </rdf:RDF>\n</x:xmpmeta>\n                                                                                                    \n                                                                                                    \n                                                                                                    \n                                                                                                    \n                                                                                                    \n                                                                                                    \n                                                                                                    \n                                                                                                    \n                                                                                                    \n                                                                                                    \n                                                                                                    \n                                                                                                    \n                                                                                                    \n                                                                                                    \n                                                                                                    \n                                                                                                    \n                                                                                                    \n                                                                                                    \n                                                                                                    \n                                                                                                    \n                           \n<?xpacket end=\"w\"?>\r\nendstream\rendobj\r2 0 obj\r<</Filter/FlateDecode/First 4/Length 48/N 1/Type/ObjStm>>stream\r\nh2U0Pw/+Q0L)T$\0w\r\nendstream\rendobj\r3 0 obj\r<</Filter/FlateDecode/First 4/Length 167/N 1/Type/ObjStm>>stream\r\nh<\n0E_\r*UJX	.ױI@@2E{|\0MSvLY\noUB<V|џQX^!~4DN<\n<8:+?ֻk7m[d>]O+S\nG#GxTy\'	O gA|)xն\0gg;d\r\nendstream\rendobj\r4 0 obj\r<</DecodeParms<</Columns 3/Predictor 12>>/Filter/FlateDecode/ID[<4DC91A1875A6D707AEC203BB021C93A0><F6C92B368A8A13408457A1D395A37EB9>]/Info 6 0 R/Length 37/Root 8 0 R/Size 7/Type/XRef/W[1 2 0]>>stream\r\nhbb```b=?$`\0*Y\r\nendstream\rendobj\rstartxref\r\n116\r\n%%EOF\r\n',	NULL),
(9,	5,	'Pisálkův nadpozemský příspěvek',	'ras sed pulvinar enim, quis elementum urna. Praesent sed magna sit amet neque volutpat auctor. Morbi ultricies erat at euismod auctor. ',	'%PDF-1.6\r%\r\n37 0 obj <</Linearized 1/L 20597/O 40/E 14115/N 1/T 19795/H [ 1005 215]>>\rendobj\r                 \r\nxref\r\n37 34\r\n0000000016 00000 n\r\n0000001386 00000 n\r\n0000001522 00000 n\r\n0000001787 00000 n\r\n0000002250 00000 n\r\n0000002274 00000 n\r\n0000002423 00000 n\r\n0000002844 00000 n\r\n0000002888 00000 n\r\n0000002932 00000 n\r\n0000004113 00000 n\r\n0000004147 00000 n\r\n0000004211 00000 n\r\n0000006880 00000 n\r\n0000007023 00000 n\r\n0000007172 00000 n\r\n0000007312 00000 n\r\n0000007455 00000 n\r\n0000008176 00000 n\r\n0000008566 00000 n\r\n0000009066 00000 n\r\n0000012518 00000 n\r\n0000012667 00000 n\r\n0000012803 00000 n\r\n0000012939 00000 n\r\n0000013072 00000 n\r\n0000013208 00000 n\r\n0000013344 00000 n\r\n0000013480 00000 n\r\n0000013632 00000 n\r\n0000013818 00000 n\r\n0000014039 00000 n\r\n0000001220 00000 n\r\n0000001005 00000 n\r\ntrailer\r\n<</Size 71/Prev 19784/XRefStm 1220/Root 39 0 R/Encrypt 38 0 R/Info 6 0 R/ID[<C21F21EA44C1E2ED2581435FA5A2DCCE><15349106D985DA44991099F9C0CBF004>]>>\r\nstartxref\r\n0\r\n%%EOF\r\n               \r\n70 0 obj<</Length 123/C 128/Filter/FlateDecode/I 151/L 112/S 40>>stream\r\n0>e\rsf\"$ 44}2@Y,(A-$݊ӈea,s<Wv{\0r8 o*=	5x&:2bnu:/nig3]E\r\nendstream\rendobj\r69 0 obj<</Length 20/Filter/FlateDecode/W[1 1 1]/Index[7 30]/DecodeParms<</Columns 3/Predictor 12>>/Size 37/Type/XRef>>stream\r\nxbbbd`b``70\0\0]\r\nendstream\rendobj\r38 0 obj<</Length 128/Filter/Standard/O(u9^#legd\\n6@ݗ)/P -1340/R 3/U(P.r$?pM\0\0\0\0\0\0\0\0\0\0\0\0\0\0\0\0)/V 2>>\rendobj\r39 0 obj<</MarkInfo<</LetterspaceFlags 0/Marked true>>/Metadata 5 0 R/PieceInfo<</MarkedPDF<</LastModified(QgQ[qiW)>>>>/Pages 4 0 R/PageLayout/OneColumn/StructTreeRoot 7 0 R/Type/Catalog/Lang(	N˒)/LastModified(QgQ[qiW)/PageLabels 2 0 R>>\rendobj\r40 0 obj<</CropBox[0 0 612 792]/Annots 41 0 R/Parent 4 0 R/StructParents 0/Contents 46 0 R/Rotate 0/MediaBox[0 0 612 792]/Resources<</XObject<</Im10 50 0 R/Im11 51 0 R/Im12 52 0 R/Im13 53 0 R/Im14 55 0 R/Im0 57 0 R/Im1 58 0 R/Im2 59 0 R/Im3 60 0 R/Im4 61 0 R/Im5 62 0 R/Im6 63 0 R/Im7 64 0 R/Im8 65 0 R/Im9 66 0 R>>/ColorSpace<</CS0 44 0 R/CS1 47 0 R/CS2 45 0 R>>/Font<</TT0 43 0 R>>/ProcSet[/PDF/Text/ImageC/ImageI]/ExtGState<</GS0 68 0 R>>>>/Type/Page>>\rendobj\r41 0 obj[42 0 R]\rendobj\r42 0 obj<</Rect[220.68 467.88 389.461 483.852]/Subtype/Link/BS<</S/S/W 0/Type/Border>>/A 48 0 R/H/I/StructParent 1/Border[0 0 0]/Type/Annot>>\rendobj\r43 0 obj<</Subtype/TrueType/FontDescriptor 67 0 R/LastChar 121/Widths[278 278 0 0 0 0 0 0 333 333 0 0 278 0 278 278 556 556 556 556 0 0 556 556 0 0 278 0 0 0 0 0 0 667 667 722 722 667 611 0 0 0 0 0 0 0 0 0 667 0 0 0 611 0 0 944 0 667 0 0 0 0 0 0 0 556 556 500 556 556 278 556 556 222 0 500 222 833 556 556 556 556 333 500 278 556 500 722 500 500]/BaseFont/ArialMT/FirstChar 32/Encoding/WinAnsiEncoding/Type/Font>>\rendobj\r44 0 obj[/Indexed 47 0 R 255 56 0 R]\rendobj\r45 0 obj[/Indexed 47 0 R 255 54 0 R]\rendobj\r46 0 obj<</Length 1111/Filter/FlateDecode>>stream\r\n2yH	\'t<y\r*0k7ʝDÉҿ}GpgrQUdx	g]{lc͋viߋ6)Dݪ\n٤0:737\0>8q*D!tو޳*w~S_BCjP oXBZF8F)#,j8#\Z_q\Zۛ(:^D1TH#LwdOZ$!6-;Cf7Ūӊ;$֖ʻ=ilϬzNWLn>g_`LL#&լcS.Xc{DV2#Ja:>?*c7x	#3I<\Z^c&wp9W߶:ҙm\nl@[w(>+~+<!tZm1nR}5|Fp$\"*R{QcmClc<{~uN8.E~i(`n8˗=w\Z\n\\U9*oN΀F۞A/Rtr|G^+?\ZU\\u_EM䅩\nnO	`wVM{|wsu6G\r\n0$g0-ׄ)	|K0z4t]9}H,kr\"h6CyY4̤6meƹ|%Fˎ-0!JDFx؆U\\_[۳鶉xCқ8$RNR5V:8B0m;52ܜ)>-+Aj\n\Z)Y}\0ތ	M	fEW7ʱwKkFSo0\'D[w^3c9(T]LT^\0!^uQ||0rبYOkՉ\0(h;$31jUH˜D\0(!kQI 岱\"\Z/?yDڠ\\C/5rQ7Wߪ㻽iMRn.E#NJ #v\nSĽkrjzhV0Pr_#Q73\0fs1}Ptժ}Pi8Č5˕Uv\r\nendstream\rendobj\r47 0 obj[/ICCBased 49 0 R]\rendobj\r48 0 obj<</URI(T,juŸz~\\r\"/Db*ۮb\'j)/S/URI>>\rendobj\r49 0 obj<</Length 2575/Filter/FlateDecode/N 3/Alternate/DeviceRGB>>stream\r\n)IkœޚVT{jq<JPjf(z4T0޺eyAsODj׀s[~axUN,SfrE$ZQиvWU`т\n!mMxbL\"mc`{ ӥ)θ},5H*cW{ZBM/HVöP~:EA\0[=0[}cK\n4ПhBۀxG:ZӲ\'m@n^ޫu)Eߢ[E߀셍Ɗ20y7;䰤/lLMxw Sm4 SuJ?*!YU!3X#rZo=826Iw؁zD C4]L֬QD7c2|A\n?1ngos$b\\	vjUܻ7wx[JX?SS,\"Xn-.AÄ)u$$nvGֱӧ<PYW^箬b[抴TI8>UHDď4Ob;gy\'?gݨ`7T1%hNŴ[ra1^C):i-YDR1gVP/{kK*<+,@I|/R܀Gz<]#/ѷ(SF\0Z3cL\nBmXJ\'6j[\0>\Zd7RL*]i\\c8睕\n]@eF-Ew3`dٹysRW\'U4!\\qkknЪ; H\rШDFՔ](r~߲f{m*|`FUJ8ړ0cD|)qkQCv=2(\Zg?rI;6B)^Lhַj<%<Tbz@SGQ7ӮGt(6׍0rԩnSLXDm(fnr@di)sׇ%\0eE_\'U`*;c\ZYjF\r\"\\\\0>5piWӊbMFuĲl,``\'U.[/\r$-kK,ƲFٗH4i,3bJN,zkk`%Ryg8|85Hp>$C\Zn%BX\'ONwX.}F܋WoSgCj(~wU)5ǤpeQU\"8T:|h :ٴ%Nm: eykoD01]$@^JJz[kVߪdQ^X\'|D}Eلe!$jd}TOZT|kr/Ecx̄K_>9.Ǉ\"öw6HWXӴx}f<Ჟ{(uG{aLmx%(H$E;*&e=LP-< ?~{=$lǷs@jVIO*H\nhM9Ó!5x|m!m_q׆ko,]@8Tl@$B|I ej-LCᙴ_J3A?THO-!K$?-קPJ¬m&<\"l\ZL[\\^\Z\nǬvĊ7f:uK=	f}^1Ũh|xRôܧ|hTT\\,¹hNk\ZTJ9N&-`jv=>Fp\0a+-&!(>L}+B<k>М$W:L-pΉk)\nVSBZ/f4Q	|P}$˷=㰔	o 7WFl,/Ǹ\\d$<oJNkU$?\0Ejorx+]0%a쩟=HÂy;AN]N-nD#yQa\". \\.x%qN*B;Uy-5n	əݵOg~F\rC^b<*x|##o8ҤfKy]D+9i:1R~\rYVmv\n[s?>d	xH4 yoSEIJnso2NvE1Rʂ~<?$mgkkrFwE\0)%nu7MF%he=\"NgVfVC!cgt\\Ek &c%@2^@\nvjͥGؤ> ??aFA?Q9\\XYʦ\0\'m{9G@K6zF94.ACdpݵh@6\n+L&~3+\'lE&;\rˋG.酾>Q\r>tC\\P$cMewC;vόб`5u!tcu`)uE:tjֺX-ː[,P2\Z{v0u+ם%G4doHXgk;s\r\nendstream\rendobj\r50 0 obj<</Subtype/Image/Length 13/BitsPerComponent 8/ColorSpace 47 0 R/Width 4/Height 1/Type/XObject>>stream\r\n߭b7q#5\r\nendstream\rendobj\r51 0 obj<</Subtype/Image/Length 19/BitsPerComponent 8/ColorSpace 47 0 R/Width 6/Height 1/Type/XObject>>stream\r\n/WҥY.|\"\r\nendstream\rendobj\r52 0 obj<</Subtype/Image/Length 10/BitsPerComponent 8/ColorSpace 47 0 R/Width 3/Height 1/Type/XObject>>stream\r\nvÏ\r\nendstream\rendobj\r53 0 obj<</Subtype/Image/Length 13/BitsPerComponent 8/ColorSpace 47 0 R/Width 4/Height 1/Type/XObject>>stream\r\n\'#rF\r\nendstream\rendobj\r54 0 obj<</Length 652/Filter/FlateDecode>>stream\r\n`+jZ:cx1Wf=NO%zf\r+]]gW х#`l(ֲf).Iz9*:^諆ʄG\'T0\ZhQas^6+|~i9wҺtGFo;(oi~\\%2HM$2=-E1_LZ紙흓;[iS$4m>`EVt1L=+Ol~&),xŦvPHiߣ|Ƹw}Zuo&ijP\'p{\"@%aeiWjxOJkAM֘Թ8Fqj6~%b;w<\\8VdiAֶlCTC Qn^ͩi{:vτ|غDĂ.ˣ[q\rD$XiVqF T&C^kc~֩KZj/__ئ\'cu;Dr?[I>J4:Lc1W\'W\Z-?\r_VO|%	6|K?!(|a5EmX7%vs[_tkpY\nω\0UJ!әQ\Z$.\r\nendstream\rendobj\r55 0 obj<</Subtype/Image/Length 257/BitsPerComponent 8/ColorSpace 45 0 R/Width 16/Height 16/Type/XObject>>stream\r\n\Zh6c+D,[Lv#,?{d9[ɌM/WȶZ2=RVV1K1Hޕ!Gx:YAXkI?M>ggNS}[}^]\nR\"-FLdPoS\\@qnCn7/94ᣦۗ(|1sdB\\LLnJK(~h\n09Ҧ\ZaCtbv~:yrCRX_\r\nendstream\rendobj\r56 0 obj<</Length 431/Filter/FlateDecode>>stream\r\nR[skʣDgI8h(!&.[<+W-kЊJ	I].cFЦO]%(\Z)Y)Xwb8ei:z\ra7-eP`(B*/ƾV%kޓJ,5gkbJ9qD}qq-ԾITXQ*[fPk)xǘѱ?SFE2\\.L_t\nauyI/m[{xV>n-k7;ْbOd\"Eou{][@ܶK%:}&&Tm5WB#\r:r\nNAa]_P钡&Uw\\q1vj<t}#j{$lPU6D4:}\0(SNM\r\nendstream\rendobj\r57 0 obj<</Subtype/Image/Length 3297/Filter/FlateDecode/BitsPerComponent 8/ColorSpace 44 0 R/Width 167/Height 100/Type/XObject>>stream\r\n1mXcM\\V9tnʔ\"|avbPE\"3U5aOQ%QI5K,3pa%x|4SIⷐUNspo\"l\n*\rFh^}\"PdT8A,BnkAɿaQ@FZŞ=or?DKk+A¡\04$nD+(U4dW\'#?E;>,˟@Z!{mOӒl<ۑwXs=]ԝ*HI<wY1s{/sGrۦw.Y&kqJ7Opytx0+wWs9S\nIŹdRx;W85qQc`鸧c?=.q~ڐy>L:B0:ۺ∫RI^Zx(E6Uj=e:<!?\0]XGKYɀ.UBi\';]5ZcI=	_&0Q3;ۨvK6ԁn#Lj@ZAvEq͚~ɏ,BpA_ǐK*sI,5s!6%z ~xFC4EOHv牫7WI긃XKGo<9JTx\n-1\02;Aq	&P0誄]	_or0.ݥhP+T ^sGTWB˳sxj]h5e@\\ʭlW陧hGD\rӉ>\\}@<I;\'\"~x\"!1X5V0Ʃ@^<3,2ퟔ\r$w1\Z|UƑ5\0e7h0qA3vt=Gƥ6,V8(Otu),Bgu:}j\\XRJybvG{	]Rŕ>NKdLg\"X%\n//nޤC\r].a!T$1dgF)=}R\Z>\nnH\\j.j>G4S;જ7У4jZG)Z懘8{w\'49,\0}X:\'\n-	RK>p)3݆;\"5>jݛMB)rPyL:I]-|\n!jAPMUUcT ˽wDu	\"bn=%!za=q	?)KehЀ5URT=Y=QZM\ne/!i2ЯSFo?\'$\Z,-󔼗[C~\rYI(xm;Zg܁soV=jb9aF 2Y>PU^6GǂM;VfwЪ<Gꦥ*Zs]mZwDX)xN92uDOgq0瘴>N7LMI4Ɨ\n7HQ]\nh!t}m]dYVEpu H@\\!:sr_)^*X\\Є78\'=\Zyi瑪nJUim,:2.ϳWDҪ,pS^7:$(\0{l1\r](Z1ZmKےz|!H(W4\Z-4ѭQu.kݝ ^lG*\'PU]8\'dKZ3m\\2D)\'eg\r%6T_P*AY(cPV*ۿy1Ywi\ntǗoMzkj@c%\'e xKhIl\"Zj\Z%a9bA:$%Vqp7	>c3oژtɥ%|8X\"a\nNedJc7WF%wVh\ZVut#SbQo틜gUcJV.qH<mɩiS\re< !Gf6vNH\'`\r2V\np=#+)O}Bbϳ57q!,e\\{\Z:V\'ILDtma{(Eo6j(ɣP#$kxsWs4`S0I&?Oϊtn;[!ʝυYXĤ$CbۛP8maD-HMѐm0_ib#&-E!]p@`SD`JWU\\8ss,Bƍ t)(J]usvpwC\"i;{P-S%|sj\"`\ZZS\Zo%	ދ>Q\0s	dc;ԁpYP<9>!X\n[4G-1&o԰͇YZdy8m_iBSU&cg=Pf̸2+gȵ%^6p&oYځi`zG	uhfX.r\rE*ҴNtp!e<$N^.S{lx0&ٵG\n/hW\\w*GkfaϮAO8gw󰎋K0aA,z/XćeD͏!0=\0.gK߫(UN?Pęb&z%2p54o`^\rdH\Z\nrcU+QWN !#tpt®h/1/s?΂H\'u\\_\0JOclȚX+sd~]O·)el~4H+rT?|\')\"ӁHJh(RanrucsdtrUϯA^30W]:k\'3Vz.4\"@$ywPzJ\'[w\"jdӈ%dZkl3BXJ!-CnGbkJbCĨT<coSApk\'iHCq89|C2e(QpM)INK01Ѩ4jB/q\\Bs1#:`.^CI#AAtV@Z6$rch\'}ůJP\\kYe5Y<m굯u]?:Yb\\B^2_B/ںsr;\r\nendstream\rendobj\r58 0 obj<</Subtype/Image/Length 19/BitsPerComponent 8/ColorSpace 47 0 R/Width 2/Height 3/Type/XObject>>stream\r\n7G.aa\"=/\r\nendstream\rendobj\r59 0 obj<</Subtype/Image/Length 7/BitsPerComponent 8/ColorSpace 47 0 R/Width 1/Height 2/Type/XObject>>stream\r\n׏\r\nendstream\rendobj\r60 0 obj<</Subtype/Image/Length 7/BitsPerComponent 8/ColorSpace 47 0 R/Width 2/Height 1/Type/XObject>>stream\r\nwAI\r\nendstream\rendobj\r61 0 obj<</Subtype/Image/Length 4/BitsPerComponent 8/ColorSpace 47 0 R/Width 1/Height 1/Type/XObject>>stream\r\n0x\r\nendstream\rendobj\r62 0 obj<</Subtype/Image/Length 7/BitsPerComponent 8/ColorSpace 47 0 R/Width 2/Height 1/Type/XObject>>stream\r\n1j-Sh\r\nendstream\rendobj\r63 0 obj<</Subtype/Image/Length 7/BitsPerComponent 8/ColorSpace 47 0 R/Width 2/Height 1/Type/XObject>>stream\r\n#|)&w\r\nendstream\rendobj\r64 0 obj<</Subtype/Image/Length 7/BitsPerComponent 8/ColorSpace 47 0 R/Width 2/Height 1/Type/XObject>>stream\r\nC	\r\nendstream\rendobj\r65 0 obj<</Subtype/Image/Length 22/BitsPerComponent 8/ColorSpace 47 0 R/Width 7/Height 1/Type/XObject>>stream\r\n/fF(`nʰ(תW<(y\r\nendstream\rendobj\r66 0 obj<</Subtype/Image/Length 36/Filter/FlateDecode/BitsPerComponent 8/ColorSpace 47 0 R/Width 12/Height 1/Type/XObject>>stream\r\nMzA=H8q@	_pQA:F\r\nendstream\rendobj\r67 0 obj<</StemV 88/FontName/ArialMT/FontStretch/Normal/FontWeight 400/Flags 32/Descent -211/FontBBox[-665 -325 2000 1006]/Ascent 905/FontFamily(_e)/CapHeight 718/XHeight 515/Type/FontDescriptor/ItalicAngle 0>>\rendobj\r68 0 obj<</OPM 1/OP false/op false/Type/ExtGState/SA false/SM 0.02>>\rendobj\r1 0 obj<</First 223/Length 755/Filter/FlateDecode/N 30/Type/ObjStm>>stream\r\n8V{@vŞ]=7Na}/wo(~@l7_VSQt#Ʌ.1G#\ns\0҂pb\rBd\'UVY\"5==K!D̀՘Dv^v	d,TCrM=|ۜ\n#?V/L	D!dz[0ʒ\\Qؑ?_&u.҄ƙyͅVN+/a\"Pr5=Uw1:?-1ZD&J0zZahIRg-n\Zj|4(?)*J-\\T\ns}e⪖ZBl]o\'d\0!-|HK;?oǔĺc}~&>d_hS\\ vLP8\0+x}\'Sz#BeN$J\'b?M@>4-s|u뺹?̯EJ~~V=,pG޸7Mi`#J]gs\rSS/;DB&QzQ:ERsf\\~/FÍV?;	w8UKFjGbVXsq1I7h7a^I꿒Ѐc\rBre3I`]\\sZ1wF\\ Gm_~*1xg7JC4\Zck!b6FބMg0qW-\'؂A?{.9؞q\r\nendstream\rendobj\r2 0 obj<</Nums[0 3 0 R]>>\rendobj\r3 0 obj<</S/D>>\rendobj\r4 0 obj<</Count 1/Type/Pages/Kids[40 0 R]>>\rendobj\r5 0 obj<</Subtype/XML/Length 4336/Type/Metadata>>stream\r\n1p`).=Ĭ|<[	P\nV	JQ;X{.Vnif9-\rQ2A=돜+XXn-J܋M+R#]$qB$VE\"wQn\"~FA\ZgvywHC9QLpjtTU笳/ʘ5\r<T[%},&a^YG4(\"	jV^3|<INMNN/9*L})[ant2]AO	0٨8a{(4%IjDut5- $3xp]3˱<	YFc~MCϧ)>B._yU`T;G.aCG~L> \rhRzKTA%M9`(!;f{Vc||pPRN娽7Ó5yIR:ASWL+cd.]\\L\ZcSQug|2F)UKV\Z@p7nN>?[hk=t`ji-Puª9P~.U6ɣ?%?130pB\"\'?čxJ݃g_3?@9й֊3uFJ1rv8Ԝ[(Vy\Zqe>V	C*\n\'K i#?J#sdYpzxU0S7@\'ضcNp|e}\'׽%9|=O?Ѽpf[R(f\nJO|#McI?VkVB:DDIi_	c]ESfbyȆ9c/qKMWNL}sTAPpk&K2nGV\0]<FݹMf,ē-o~QDĎMݐVNCRI՞ַ*;n4j	XU¤C֢h}_#P]G[4Vۃ֌$7b(S~J%h::`gt,F+k5Z\rMK\\kƏ>On϶fᖤ,Vh95\r2}%o&NFL6<-p`R50.pNFDn^[yרp ¥8,\'	:^Oh)~	p\nHTRkq%lLxEjg9K.a>Rȩaq,P:\r9t\\M&/\"GvVTmcyЮl(}2|0#+*-HZDn~F&R}*6+Vʈ~X%EX]2LD0Tnn:#Ɂ-1\'ru|i%{:==4(\nU/C/&m9GN\\8CR[]mteR栳ڎ8yQC!ތ3M۴h^:bYֵt}WCT2\'\n	lҴMɚx8+R/H;Fݘs1*W?K%]#l>ջ[*-)[_N%\rKJ#jt8CjpVpzčPj#]ȝAhxAīԤ[qϪ\"s̚/+y&@q*BY6H!rRz;y-O[-c伊W[6pDZ+	\'}jC3N48D_`ZAyo.p=i.A.FEJé/St(42dM\'Zڶ_(k`/km*uD[\r#dUВ\Z)\'g$plNrU4u@7pS/ׄ[:\Z,?UAC]C	@Q,\Z\'@olIA+\n0cU@ql4aŬZqH1>_5ŹGx\0)<Pcʩpzְb\r@*	AVTҝЫ@N6wuma\0W/	1DY&GKC/$rROm[lQ\"UcϬ-R_^n8֭]iRbqh1/`bjJ%WDUz	+93oi:KBW%Kn70VYlA*޻gއ~VXQ2Ou\ZsWۨ+u҉]#+Yؗ\n	#D9hq&p{~Qs?f%ES%\Z6H`T\06]]p%f %I2j] ١$*)DxJ=I>Y=/yoڗHv-`<^E?3\",60ރzJ-)@# c=B ,Z*$3!?IӛX`0hNtODGeC?I&ߗ	H!txt87|	;Dp&!N~;MyL,EI/,.,SbJ\Z-!YO=]xh$\ZKٲ8)?9䪃Uq	6duR^rRpx$B^轉lǇVdj5 N<Bd!Q.-2J~%ʟ	yqTȹluJ:I<.z﯉	9픡6vS\"3;N˛i%eXvܥ`_FHU%E瀡\0;^C2\"egKB[WNFToƆWTa@Ar\'Rr\n~9G[|M3|=)\Zzc?203\\CNhe}I!nst\n\0U\'F5҆uK1R(æ.rS;/`tݴrT<?mqE!Z9X%[,r4\"{0<w߫cnZ|OQku3Ww6G\n>p@rDu߇mL%.si~pȆѺH.Ŷ9)ҕ×Q8o;.f¾\0J#Hη@T}	-`\rU,0%8ӚԌtdzp*Sp8!2!a.	s^Ed~sm1XAJ^x\ZE8-u/ZA}K5\"O:9WRKb	LENQq~l\n\\_[SK<#hwlxY\Z{\Z3ep\nY\"M\"\'Ӌ!y%ك\Z)uP5:#f4PI-IlQw\nT_C[Ca(-@}]\"y0_BGQH[Jac%;2Kלʿffp{Tϛd݊0uB\r~%%i3C.^YCr{AT@wGL!:*xOղFq7_Et~rt*lTL䱔װ3\\#Do[I(n#i];+BXFKk\'>/\r]^\'!_{D\\}T0y\'np!W8q=8*a߮r4Q_ZdXډY[w/qwSb4!^Mc01M#*e</dn#7!}MИU\Z#-a%i2crmh&|	.b\\GU$ɓ޴S֝-,\0o\ZD	h09$9,eQՀ鄮ÁI\Z\'t*.h+>ۈiߗ?/7C#Bm]#,X&(C\ng+gr93y.kDc&wWH=8MLHLـlZѴO3;|\Z3H4/ <kvŻmy|Ht0\\ԌQM૤0FS\r\\\Z0PMQ<ٷ 0^K IMn{up̴qmbEE\nAW\"{@\nj=I[[*X8v`\\	Γ{	T\'|}OO	TNIHJyvCA,.>Hu`?	5(ɦL>d\\G\"̽;ݑae`?Y$rx5\Zg>=kdMUף^28|Ⱦm,z;_:PTi\"\r\nendstream\rendobj\r6 0 obj<</CreationDate(<z-:xuB{)/Author(͡c$5N8 *绫)/Creator(շc\\(t~bΐ<Έ)/Producer(շc\\(t~\\(F{\Zŕw)/ModDate(<z-:xuA{)/Company(ӻi8{g&5+_\")/SourceModified(<z-:xuG)/Title(JjAo<a)>>\rendobj\rxref\r\n0 37\r\n0000000000 65535 f\r\n0000014115 00000 n\r\n0000014965 00000 n\r\n0000014998 00000 n\r\n0000015021 00000 n\r\n0000015072 00000 n\r\n0000019484 00000 n\r\n0000000000 65535 f\r\n0000000000 65535 f\r\n0000000000 65535 f\r\n0000000000 65535 f\r\n0000000000 65535 f\r\n0000000000 65535 f\r\n0000000000 65535 f\r\n0000000000 65535 f\r\n0000000000 65535 f\r\n0000000000 65535 f\r\n0000000000 65535 f\r\n0000000000 65535 f\r\n0000000000 65535 f\r\n0000000000 65535 f\r\n0000000000 65535 f\r\n0000000000 65535 f\r\n0000000000 65535 f\r\n0000000000 65535 f\r\n0000000000 65535 f\r\n0000000000 65535 f\r\n0000000000 65535 f\r\n0000000000 65535 f\r\n0000000000 65535 f\r\n0000000000 65535 f\r\n0000000000 65535 f\r\n0000000000 65535 f\r\n0000000000 65535 f\r\n0000000000 65535 f\r\n0000000000 65535 f\r\n0000000000 65535 f\r\ntrailer\r\n<</Size 37/Encrypt 38 0 R>>\r\nstartxref\r\n116\r\n%%EOF\r\n',	NULL);

DROP TABLE IF EXISTS `reviewers_assign`;
CREATE TABLE `reviewers_assign` (
  `user_id` int(10) unsigned NOT NULL,
  `post_id` int(10) unsigned NOT NULL,
  PRIMARY KEY (`user_id`,`post_id`),
  KEY `post_id` (`post_id`),
  CONSTRAINT `reviewers_assign_ibfk_3` FOREIGN KEY (`user_id`) REFERENCES `users` (`user_id`) ON DELETE CASCADE ON UPDATE CASCADE,
  CONSTRAINT `reviewers_assign_ibfk_4` FOREIGN KEY (`post_id`) REFERENCES `posts` (`post_id`) ON DELETE CASCADE ON UPDATE CASCADE
) ENGINE=InnoDB DEFAULT CHARSET=utf8 COLLATE=utf8_czech_ci;

INSERT INTO `reviewers_assign` (`user_id`, `post_id`) VALUES
(7,	6),
(7,	7),
(7,	8),
(7,	9),
(8,	6),
(8,	7),
(8,	8),
(8,	9),
(9,	6),
(9,	7),
(9,	8),
(9,	9);

DROP TABLE IF EXISTS `reviews`;
CREATE TABLE `reviews` (
  `review_id` int(10) unsigned NOT NULL AUTO_INCREMENT,
  `post_id` int(10) unsigned NOT NULL,
  `user_id` int(10) unsigned NOT NULL,
  `review_date` datetime NOT NULL,
  `originality` int(10) unsigned NOT NULL,
  `gramar` int(10) unsigned NOT NULL,
  `topic` int(10) unsigned NOT NULL,
  `note` text COLLATE utf8_czech_ci,
  PRIMARY KEY (`review_id`),
  UNIQUE KEY `post_id_user_id` (`post_id`,`user_id`),
  KEY `review_date` (`review_date`),
  KEY `user_id` (`user_id`),
  CONSTRAINT `reviews_ibfk_3` FOREIGN KEY (`user_id`) REFERENCES `users` (`user_id`) ON DELETE CASCADE ON UPDATE CASCADE,
  CONSTRAINT `reviews_ibfk_4` FOREIGN KEY (`post_id`) REFERENCES `posts` (`post_id`) ON DELETE CASCADE ON UPDATE CASCADE
) ENGINE=InnoDB DEFAULT CHARSET=utf8 COLLATE=utf8_czech_ci;

INSERT INTO `reviews` (`review_id`, `post_id`, `user_id`, `review_date`, `originality`, `gramar`, `topic`, `note`) VALUES
(4,	6,	7,	'2017-01-31 06:49:15',	1,	3,	1,	NULL),
(5,	6,	8,	'2017-01-31 06:49:33',	1,	5,	1,	NULL),
(6,	6,	9,	'2017-01-31 06:50:43',	4,	3,	2,	NULL);

DROP TABLE IF EXISTS `users`;
CREATE TABLE `users` (
  `user_id` int(10) unsigned NOT NULL AUTO_INCREMENT,
  `role` int(10) unsigned NOT NULL,
  `username` varchar(30) COLLATE utf8_czech_ci NOT NULL,
  `password_hash` varchar(255) COLLATE utf8_czech_ci NOT NULL,
  `name` varchar(100) COLLATE utf8_czech_ci NOT NULL,
  `email` varchar(100) COLLATE utf8_czech_ci NOT NULL,
  `organization` varchar(100) COLLATE utf8_czech_ci NOT NULL,
  `banned_date` datetime DEFAULT NULL,
  PRIMARY KEY (`user_id`),
  UNIQUE KEY `username` (`username`),
  UNIQUE KEY `email` (`email`),
  KEY `role` (`role`)
) ENGINE=InnoDB DEFAULT CHARSET=utf8 COLLATE=utf8_czech_ci;

INSERT INTO `users` (`user_id`, `role`, `username`, `password_hash`, `name`, `email`, `organization`, `banned_date`) VALUES
(4,	7,	'admin',	'$2y$10$7DaZoa2EHP9E498nBpwhKOw7KhtLJm4zIUuitg4rgP/WvswRd0UC2',	'Admin Adminovský',	'admin@adminov.cz',	'Administrátoří',	NULL),
(5,	1,	'pisalek',	'$2y$10$g3aLeAfT8tDY0a/.k4ykyeOwWKKXfnRTNXiwBCVJNnr/9a1H/gG8y',	'Pisálek Nenechavý',	'pisalek@seznam.cz',	'Volná noha',	NULL),
(6,	1,	'kritik',	'$2y$10$/uH3CF2PNY7zrZ2iChaJTOatYuYMQQ0hYJ5Bgv/HMG8A9ol6nfQ6e',	'Kritik Nabubřelýk',	'kritik@seznam.cz',	'Peklo',	NULL),
(7,	2,	'recenzent1',	'$2y$10$l2gO5Qm0eMLb1NpSHmsAhe9vb9dHERvOW5hel1CV4IlQF0toPoGpC',	'Recenzent 1',	'asd@asd.as',	'Recenzování',	NULL),
(8,	2,	'recenzent2',	'$2y$10$ocT16oE1eNafgdj9peGAluPYN.bLfK5wlp0Df9FmjDzOqGM/3gtoq',	'Recenzent 2',	'asd@asd.asd',	'asd',	NULL),
(9,	2,	'recenzent3',	'$2y$10$chRvmt7atNL8UkkS.FdnauRd0aecj3y5A6R8INXaGCb.mjcYMQNAO',	'Recenzent 3',	'asd@asd.asdd',	'asd',	NULL),
(10,	3,	'asd',	'$2y$10$ErLO9hCYatbPPXY1dB01ree6WrJ8093WJI9lEgcXEli2lpv05iVLa',	'asd',	'asd@asd.asdff',	'asd',	'2017-01-31 07:19:09');

-- 2017-01-31 08:58:06
