<?xml version="1.0" encoding="UTF-8"?>
<project-private xmlns="http://www.netbeans.org/ns/project-private/1">
    <editor-bookmarks xmlns="http://www.netbeans.org/ns/editor-bookmarks/2" lastBookmarkId="0"/>
    <open-files xmlns="http://www.netbeans.org/ns/projectui-open-files/2">
        <group>
            <file>file:/C:/Users/midlan/OneDrive/ŠKOLA/KIV_WEB/semestralka/classes/Models/BaseModel.php</file>
            <file>file:/C:/Users/midlan/OneDrive/ŠKOLA/KIV_WEB/semestralka/templates/skeleton.twig</file>
            <file>file:/C:/Users/midlan/OneDrive/ŠKOLA/KIV_WEB/semestralka/classes/Controllers/PostsController.php</file>
            <file>file:/C:/Users/midlan/OneDrive/ŠKOLA/KIV_WEB/semestralka/classes/Router.php</file>
            <file>file:/C:/Users/midlan/OneDrive/ŠKOLA/KIV_WEB/semestralka/classes/Controllers/PostsAuthoringController.php</file>
            <file>file:/C:/Users/midlan/OneDrive/ŠKOLA/KIV_WEB/semestralka/classes/Models/Post.php</file>
            <file>file:/C:/Users/midlan/OneDrive/ŠKOLA/KIV_WEB/semestralka/config.json</file>
            <file>file:/C:/Users/midlan/OneDrive/ŠKOLA/KIV_WEB/semestralka/classes/Controllers/PostsDecidingController.php</file>
            <file>file:/C:/Users/midlan/OneDrive/ŠKOLA/KIV_WEB/semestralka/classes/Controllers/IndexController.php</file>
            <file>file:/C:/Users/midlan/OneDrive/ŠKOLA/KIV_WEB/semestralka/classes/Models/User.php</file>
            <file>file:/C:/Users/midlan/OneDrive/ŠKOLA/KIV_WEB/semestralka/classes/Controllers/UsersController.php</file>
            <file>file:/C:/Users/midlan/OneDrive/ŠKOLA/KIV_WEB/semestralka/classes/App.php</file>
            <file>file:/C:/Users/midlan/OneDrive/ŠKOLA/KIV_WEB/semestralka/classes/Controllers/PostsReviewingController.php</file>
            <file>file:/C:/Users/midlan/OneDrive/ŠKOLA/KIV_WEB/semestralka/classes/Controllers/BaseController.php</file>
            <file>file:/C:/Users/midlan/OneDrive/ŠKOLA/KIV_WEB/semestralka/classes/Models/Review.php</file>
        </group>
    </open-files>
</project-private>
